title,stars,price,book_stars,author,book_url,books_pages
達人に学ぶDB設計 徹底指南書 初級者で終わりたくないあなたへ,333,2860,4.4,"
ミック 
(著) 
",https://www.amazon.co.jp/-/en/%E3%83%9F%E3%83%83%E3%82%AF/dp/4798124702,0
スッキリわかるPython入門 (スッキリわかる入門シリーズ),632,2640,4.2,"
国本大悟 
(著),  
",https://www.amazon.co.jp/-/en/%E5%9B%BD%E6%9C%AC%E5%A4%A7%E6%82%9F/dp/4295006327,376 pages
達人に学ぶSQL徹底指南書 第2版 初級者で終わりたくないあなたへ,248,2750,4.5,"
ミック 
(著) 
",https://www.amazon.co.jp/-/en/%E3%83%9F%E3%83%83%E3%82%AF/dp/4798157821,368 pages
SQL 第2版 ゼロからはじめるデータベース操作 (プログラミング学習シリーズ),352,2068,4.3,"
ミック 
(著) 
",https://www.amazon.co.jp/-/en/%E3%83%9F%E3%83%83%E3%82%AF/dp/4798144452,336 pages
体系的に学ぶ 安全なWebアプリケーションの作り方 第2版 脆弱性が生まれる原理と対策の実践,226,3520,4.4,"
徳丸 浩 
(著) 
",https://www.amazon.co.jp/-/en/%E5%BE%B3%E4%B8%B8-%E6%B5%A9/dp/4797393165,688 pages
徹底攻略Python 3 エンジニア認定［基礎試験］問題集,9,2640,4.5,"
株式会社ビープラウド 
(著),  
",https://www.amazon.co.jp/-/en/%E6%A0%AA%E5%BC%8F%E4%BC%9A%E7%A4%BE%E3%83%93%E3%83%BC%E3%83%97%E3%83%A9%E3%82%A6%E3%83%89/dp/4295016055,216 pages
データドリブンマーケティングがうまくいく仕組み,8,2068,4.1,"
手島 拓也 
(著),  
",https://www.amazon.co.jp/-/en/%E5%90%89%E6%BE%A4-%E6%B5%A9%E4%B8%80%E9%83%8E/dp/4295408158,200 pages
TypeScriptとReact/Next.jsでつくる実践Webアプリケーション開発,120,3323,4.5,"
落水 恭介 
(著),  
",https://www.amazon.co.jp/-/en/%E6%89%8B%E5%B3%B6-%E6%8B%93%E4%B9%9F-ebook/dp/B0B74C3TNQ,843 pages
AWSで実現するモダンアプリケーション入門 〜サーバーレス、コンテナ、マイクロサービスで何ができるのか,80,2948,4.7,"
桐原書店編集部 
(編集) 
",https://www.amazon.co.jp/-/en/%E8%90%BD%E6%B0%B4-%E6%81%AD%E4%BB%8B/dp/4297133261,0
データベース3300 基本英単語・熟語,20,1100,4.3,"
下山 輝昌 
(著),  
",https://www.amazon.co.jp/-/en/%E6%A1%90%E5%8E%9F%E6%9B%B8%E5%BA%97%E7%B7%A8%E9%9B%86%E9%83%A8/dp/4342264900,384 pages
独習PHP 第4版,100,3740,4.8,"
加藤 じゅんこ 
(著) 
",https://www.amazon.co.jp/-/en/%E5%B1%B1%E7%94%B0-%E7%A5%A5%E5%AF%9B/dp/4798168491,664 pages
Pythonでできる！ 株価データ分析,19,2970,4.4,"
門脇 大輔 
(著),  
",https://www.amazon.co.jp/-/en/%E7%89%87%E6%B8%95%E5%BD%BC%E5%AF%8C/dp/462785711X,256 pages
Python 実践データ分析 100本ノック 第2版,55,2640,4.5,"
リブロワークス 
(著) 
",https://www.amazon.co.jp/-/en/%E4%B8%8B%E5%B1%B1-%E8%BC%9D%E6%98%8C/dp/479806727X,360 pages
Laravelの教科書 バージョン10対応,8,3300,4.1,"
松原 敬二 
(著) 
",https://www.amazon.co.jp/-/en/%E5%8A%A0%E8%97%A4-%E3%81%98%E3%82%85%E3%82%93%E3%81%93/dp/480261408X,352 pages
Kaggleで勝つデータ分析の技術,320,3608,4.4,"
松浦健一郎 
(著),  
",https://www.amazon.co.jp/-/en/%E9%96%80%E8%84%87-%E5%A4%A7%E8%BC%94/dp/4297108437,424 pages
（サンプルテンプレート付）Notionプロジェクト管理完全入門　Webクリエイター＆エンジニアの作業がはかどる新しい案件管理手法,28,2420,4.0,"
片平毅一郎 
(著) 
",https://www.amazon.co.jp/-/en/%E3%83%AA%E3%83%96%E3%83%AD%E3%83%AF%E3%83%BC%E3%82%AF%E3%82%B9/dp/4295016276,240 pages
情報処理教科書 高度試験午前Ⅰ・Ⅱ 2023年版,27,3168,4.1,"
清水 優吾 
(著) 
",https://www.amazon.co.jp/-/en/%E6%9D%BE%E5%8E%9F-%E6%95%AC%E4%BA%8C/dp/4798177563,664 pages
Python[完全]入門,168,3190,4.1,"
山崎 泰史 
(著),  
",https://www.amazon.co.jp/-/en/%E6%9D%BE%E6%B5%A6%E5%81%A5%E4%B8%80%E9%83%8E/dp/4815607648,592 pages
基本操作からレポート作成までわかる! Microsoft Power BIの教科書,63,2420,4.4,"
矢沢 久雄 
(著) 
",https://www.amazon.co.jp/-/en/%E7%89%87%E5%B9%B3%E6%AF%85%E4%B8%80%E9%83%8E/dp/4798066001,310 pages
Microsoft Power BI入門 BI使いになる! Excel脳からの脱却,138,2728,4.1,"
塚本邦尊 
(著),  
",https://www.amazon.co.jp/-/en/%E6%B8%85%E6%B0%B4-%E5%84%AA%E5%90%BE/dp/4798170534,324 pages
絵で見てわかるITインフラの仕組み 新装版,94,2618,4.2,"
データ総研 
(著),  
",https://www.amazon.co.jp/-/en/%E5%B1%B1%E5%B4%8E-%E6%B3%B0%E5%8F%B2/dp/4798158461,376 pages
コンピュータはなぜ動くのか 第２版 知っておきたいハードウエア＆ソフトウエアの基礎知識,39,2640,4.8,"
富士通ラーニングメディア 
(著) 
",https://www.amazon.co.jp/-/en/%E7%9F%A2%E6%B2%A2-%E4%B9%85%E9%9B%84/dp/429600123X,276 pages
東京大学のデータサイエンティスト育成講座 ~Pythonで手を動かして学ぶデ―タ分析~,225,3278,5.0,"
清水 隆史 
(著),  
",https://www.amazon.co.jp/-/en/%E5%A1%9A%E6%9C%AC%E9%82%A6%E5%B0%8A/dp/4839965250,448 pages
DXを成功に導くデータマネジメント データ資産価値向上と問題解決のための実務プロセス75,91,2200,4.2,"
富士通エフ・オー・エム株式会社(FOM出版) 
(著) 
",https://www.amazon.co.jp/-/en/%E3%83%87%E3%83%BC%E3%82%BF%E7%B7%8F%E7%A0%94/dp/4798171379,276 pages
Excel 2021 基礎 Office 2021/Microsoft 365 対応 (よくわかる),12,2310,4.1,"
松島 七衣 
(著) 
",https://www.amazon.co.jp/-/en/%E5%AF%8C%E5%A3%AB%E9%80%9A%E3%83%A9%E3%83%BC%E3%83%8B%E3%83%B3%E3%82%B0%E3%83%A1%E3%83%87%E3%82%A3%E3%82%A2/dp/4938927918,278 pages
実践 マーケティングデータサイエンス: ショッパー行動の探索的データ解析と機械学習モデル構築 (量子AI・データサイエンス叢書),3,2860,4.3,"
株式会社FIXER 
(著),  
",https://www.amazon.co.jp/-/en/%E6%B8%85%E6%B0%B4-%E9%9A%86%E5%8F%B2/dp/4780610516,288 pages
Microsoft Excel 2019 基礎 (よくわかる),286,2200,4.4,"
DAMA International 
(著),  
",https://www.amazon.co.jp/-/en/%E5%AF%8C%E5%A3%AB%E9%80%9A%E3%82%A8%E3%83%95%E3%83%BB%E3%82%AA%E3%83%BC%E3%83%BB%E3%82%A8%E3%83%A0%E6%A0%AA%E5%BC%8F%E4%BC%9A%E7%A4%BE-FOM%E5%87%BA%E7%89%88/dp/4865103805,285 pages
Tableauによる最強・最速のデータ可視化テクニック 第2版 ～データ加工からダッシュボード作成まで～,41,3740,4.0,"
清水隆介 
(著),  
",https://www.amazon.co.jp/-/en/%E6%9D%BE%E5%B3%B6-%E4%B8%83%E8%A1%A3/dp/4798173304,368 pages
Microsoft Power Platformローコード開発［活用］入門 ――現場で使える業務アプリのレシピ集,53,2613,4.2,"
青木 峰郎 
(著) 
",https://www.amazon.co.jp/-/en/%E6%A0%AA%E5%BC%8F%E4%BC%9A%E7%A4%BEFIXER-ebook/dp/B0BCK3GYGH,505 pages
データマネジメント知識体系ガイド 第二版,60,13200,4.3,"
Bill Karwin 
(著),  
",https://www.amazon.co.jp/-/en/DAMA-International/dp/4296100491,672 pages
Tableauデータ分析 ～入門から実践まで～ 第3版,13,5390,4.4,"
上原 誠 
(著),  
",https://www.amazon.co.jp/-/en/%E6%B8%85%E6%B0%B4%E9%9A%86%E4%BB%8B/dp/479806789X,672 pages
10年戦えるデータ分析入門 SQLを武器にデータ活用時代を生き抜く (Informatics &IDEA),79,0,5.0,"
高橋 光 
(著) 
",https://www.amazon.co.jp/-/en/%E9%9D%92%E6%9C%A8-%E5%B3%B0%E9%83%8E/dp/4797376279,360 pages
要点整理から攻略する『AWS認定 データベース-専門知識』 (Compass Booksシリーズ),73,3828,4.2,"
上原 一樹 
(著),  
",https://www.amazon.co.jp/-/en/NRI%E3%83%8D%E3%83%83%E3%83%88%E3%82%B3%E3%83%A0%E6%A0%AA%E5%BC%8F%E4%BC%9A%E7%A4%BE/dp/4839975078,0
SQLアンチパターン,102,3520,4.2,"
富士通エフ・オー・エム株式会社 (FOM出版) 
(著) 
",https://www.amazon.co.jp/-/en/Bill-Karwin/dp/4873115892,352 pages
AWSではじめるデータレイク: クラウドによる統合型データリポジトリ構築入門,85,3080,4.5,"
羽山 博 
(著),  
",https://www.amazon.co.jp/-/en/%E4%B8%8A%E5%8E%9F-%E8%AA%A0/dp/491031301X,377 pages
データ分析力を高める　ビジネスパーソンのためのSQL入門,5,2200,4.1,"
向井領治 
(著) 
",https://www.amazon.co.jp/-/en/%E9%AB%98%E6%A9%8B-%E5%85%89/dp/4297134438,0
［改訂3版］内部構造から学ぶPostgreSQL―設計・運用計画の鉄則 (Software Design plus),14,3520,4.4,"
泉水 翔吾 
(著),  
",https://www.amazon.co.jp/-/en/%E4%B8%8A%E5%8E%9F-%E4%B8%80%E6%A8%B9/dp/4297132060,360 pages
Excel 2019 応用 (よくわかる),155,2200,4.4,"
Office HARU 
(著) 
",https://www.amazon.co.jp/-/en/%E5%AF%8C%E5%A3%AB%E9%80%9A%E3%82%A8%E3%83%95%E3%83%BB%E3%82%AA%E3%83%BC%E3%83%BB%E3%82%A8%E3%83%A0%E6%A0%AA%E5%BC%8F%E4%BC%9A%E7%A4%BE-FOM%E5%87%BA%E7%89%88/dp/4865103813,0
(関数使用例ファイルDL特典付き)できるポケット 時短の王道 Excel関数全事典 改訂3版 2021/2019/2016/2013 & Microsoft 365対応,50,1518,4.1,"
平山 理 
(著) 
",https://www.amazon.co.jp/-/en/%E7%BE%BD%E5%B1%B1-%E5%8D%9A/dp/4295015024,416 pages
独習Notion チュートリアル&リファレンス,22,2750,4.0,"
芝田 将 
(著) 
",https://www.amazon.co.jp/-/en/%E5%90%91%E4%BA%95%E9%A0%98%E6%B2%BB/dp/489977527X,0
WEB+DB PRESS総集編[Vol.1~120] (WEB+DB PRESSプラスシリーズ),77,2970,4.1,"
木田 浩理 
(著),  
",https://www.amazon.co.jp/-/en/%E6%B3%89%E6%B0%B4-%E7%BF%94%E5%90%BE/dp/4297122154,0
カリスマYouTuberが教えるExcel超時短メソッド,68,1870,4.4,"
きたみあきこ 
(著),  
",https://www.amazon.co.jp/-/en/Office-HARU/dp/4296070355,256 pages
絵で見てわかるSQL Serverの仕組み,51,2860,4.8,"
AYURA 
(著) 
",https://www.amazon.co.jp/-/en/%E5%B9%B3%E5%B1%B1-%E7%90%86/dp/4798158720,344 pages
実践Redis入門 技術の仕組みから現場の活用まで,11,3696,4.5,"
ミック 
(著) 
",https://www.amazon.co.jp/-/en/%E6%9E%97-%E6%98%8C%E5%90%BE/dp/4297131420,480 pages
オラクル認定資格教科書 Javaプログラマ Gold SE11(試験番号1Z0-816),34,4730,4.2,"
斎藤 友樹 
(著) 
",https://www.amazon.co.jp/-/en/%E5%B1%B1%E6%9C%AC-%E9%81%93%E5%AD%90/dp/4798162027,624 pages
実践Django Pythonによる本格Webアプリケーション開発,67,3850,4.2,"
いまにゅ 
(著) 
",https://www.amazon.co.jp/-/en/%E8%8A%9D%E7%94%B0-%E5%B0%86/dp/4798153958,0
データ分析人材になる。 目指すは「ビジネストランスレーター」,289,1870,4.1,"
増永 良文 
(著) 
",https://www.amazon.co.jp/-/en/%E6%9C%A8%E7%94%B0-%E6%B5%A9%E7%90%86/dp/4296107631,256 pages
できるAccess 2021 Office 2021＆Microsoft 365両対応 (できるシリーズ),29,2178,4.0,"
近藤 雄太 
(著),  
",https://www.amazon.co.jp/-/en/%E3%81%8D%E3%81%9F%E3%81%BF%E3%81%82%E3%81%8D%E3%81%93/dp/4295016063,0
今すぐ使えるかんたん　Excel完全ガイドブック　困った解決＆便利技 ［Office 2021/2019/2016/Microsoft 365対応版］,23,1628,4.1,"
富士通エフ・オー・エム株式会社 (FOM出版) 
(著) 
",https://www.amazon.co.jp/-/en/AYURA/dp/4297133040,416 pages
改訂2版 RユーザのためのRStudio[実践]入門〜tidyverseによるモダンな分析フローの世界,50,3278,4.2,"
今村 ゆうこ 
(著) 
",https://www.amazon.co.jp/-/en/%E6%9D%BE%E6%9D%91-%E5%84%AA%E5%93%89/dp/4297121700,0
SQL実践入門──高速でわかりやすいクエリの書き方 (WEB+DB PRESS plus),75,2838,4.2,"
きたみ あきこ 
(著) 
",https://www.amazon.co.jp/-/en/%E3%83%9F%E3%83%83%E3%82%AF/dp/4774173010,368 pages
集中演習 SQL入門 Google BigQueryではじめるビジネスデータ分析 (できるDigital Camp),120,3080,4.2,"
yoku0825 
(著),  
",https://www.amazon.co.jp/-/en/%E6%9C%A8%E7%94%B0-%E5%92%8C%E5%BB%A3/dp/429501074X,480 pages
[エンジニアのための]データ分析基盤入門 データ活用を促進する! プラットフォーム&データ品質の考え方,36,2992,4.3,"
石川 洋資 
(著),  
",https://www.amazon.co.jp/-/en/%E6%96%8E%E8%97%A4-%E5%8F%8B%E6%A8%B9/dp/4297127245,272 pages
今日からできる! Python業務効率化スキルが身につく本,54,2420,4.0,"
今村 ゆうこ 
(著) 
",https://www.amazon.co.jp/-/en/%E3%81%84%E3%81%BE%E3%81%AB%E3%82%85/dp/4046057254,392 pages
リレーショナルデータベース入門―データモデル・SQL・管理システム・NoSQL (Information & Computing),26,3520,4.1,"
Jonathan Haskel 
(原名),  
",https://www.amazon.co.jp/-/en/%E5%A2%97%E6%B0%B8-%E8%89%AF%E6%96%87/dp/4781913903,415 pages
達人が教えるWebパフォーマンスチューニング 〜ISUCONから学ぶ高速化の実践,59,3278,4.4,"
Jake VanderPlas 
(著),  
",https://www.amazon.co.jp/-/en/%E8%97%A4%E5%8E%9F-%E4%BF%8A%E4%B8%80%E9%83%8E/dp/4297128462,360 pages
失敗から学ぶRDBの正しい歩き方 (Software Design plus),76,3014,4.2,"
渡部 亮太 
(著),  
",https://www.amazon.co.jp/-/en/%E6%9B%BD%E6%A0%B9-%E5%A3%AE%E5%A4%A7/dp/4297104083,288 pages
PostgreSQL徹底入門 第4版 インストールから機能・仕組み、アプリ作り、管理・運用まで,51,3608,4.0,"
松島 七衣 
(著) 
",https://www.amazon.co.jp/-/en/%E8%BF%91%E8%97%A4-%E9%9B%84%E5%A4%AA/dp/4798160431,0
Access 2019 基礎 (よくわかる),155,2200,4.1,"
西田 圭介 
(著) 
",https://www.amazon.co.jp/-/en/%E5%AF%8C%E5%A3%AB%E9%80%9A%E3%82%A8%E3%83%95%E3%83%BB%E3%82%AA%E3%83%BC%E3%83%BB%E3%82%A8%E3%83%A0%E6%A0%AA%E5%BC%8F%E4%BC%9A%E7%A4%BE-FOM%E5%87%BA%E7%89%88/dp/4865103864,0
おうちで学べるデータベースのきほん,106,2420,4.2,"
株式会社NTTデータ 鮒田文平 
(著),  
",https://www.amazon.co.jp/-/en/%E3%83%9F%E3%83%83%E3%82%AF/dp/479813516X,344 pages
Excel & Access 連携実践ガイド ~仕事の現場で即使える[増補改訂版],47,2948,4.0,"
株式会社富士通ラーニングメディア 
(著) 
",https://www.amazon.co.jp/-/en/%E4%BB%8A%E6%9D%91-%E3%82%86%E3%81%86%E3%81%93/dp/4297121875,376 pages
絵で見てわかるOracleの仕組み 新装版,38,2530,4.3,"
クレール クイグリー 
(著),  
",https://www.amazon.co.jp/-/en/%E5%B0%8F%E7%94%B0-%E5%9C%AD%E4%BA%8C/dp/4798157694,264 pages
Excel関数逆引き辞典パーフェクト 第3版,193,2640,4.9,"
西田 圭介 
(著) 
",https://www.amazon.co.jp/-/en/%E3%81%8D%E3%81%9F%E3%81%BF-%E3%81%82%E3%81%8D%E3%81%93/dp/4798146722,832 pages
MySQL徹底入門 第4版 MySQL 8.0対応,39,4180,4.1,"
佐藤 聖規 
(著, 監修),  
",https://www.amazon.co.jp/-/en/yoku0825/dp/4798161489,552 pages
確かな力が身につくPHP「超」入門 第2版,10,2860,4.1,"
宮野 公樹 
(著) 
",https://www.amazon.co.jp/-/en/%E6%9D%BE%E6%B5%A6%E5%81%A5%E4%B8%80%E9%83%8E-%E5%8F%B8%E3%82%86%E3%81%8D/dp/4815617147,0
[増補改訂第3版]Swift実践入門 ── 直感的な文法と安全性を兼ね備えた言語 (WEB+DB PRESS plusシリーズ),68,3608,4.0,"
松島 七衣 
(著) 
",https://www.amazon.co.jp/-/en/%E7%9F%B3%E5%B7%9D-%E6%B4%8B%E8%B3%87/dp/4297112132,480 pages
Access VBA 実践マスターガイド~仕事の現場で即使える,85,2838,4.4,"
ながたき 
(著) 
",https://www.amazon.co.jp/-/en/%E4%BB%8A%E6%9D%91-%E3%82%86%E3%81%86%E3%81%93/dp/4297107007,336 pages
無形資産が経済を支配する: 資本のない資本主義の正体,110,3080,5.0,"
滋賀大学データサイエンス学部 
(編集),  
",https://www.amazon.co.jp/-/en/Jonathan-Haskel/dp/4492315241,388 pages
Pythonデータサイエンスハンドブック ―Jupyter、NumPy、pandas、Matplotlib、scikit-learnを使ったデータ分析、機械学習,54,4620,4.1,"
赤石 雅典 
(著) 
",https://www.amazon.co.jp/-/en/Jake-VanderPlas/dp/4873118417,556 pages
データベース速攻入門　～モデリングからSQLの書き方まで (Software Design別冊),2,2420,4.1,"
鳥谷部 昭寛 
(著),  
",https://www.amazon.co.jp/-/en/%E5%A0%80%E5%86%85-%E5%BA%B7%E5%A4%AB/dp/4297133628,192 pages
[改訂2版]Oracleの基本 〜データベース入門から設計/運用の初歩まで,3,3168,4.0,"
武藤 玄 
(著) 
",https://www.amazon.co.jp/-/en/%E6%B8%A1%E9%83%A8-%E4%BA%AE%E5%A4%AA/dp/429712954X,384 pages
Tableauによる最適なダッシュボードの作成と最速のデータ分析テクニック ~優れたビジュアル表現と問題解決のヒント~,68,3740,4.2,"
北川 博之 
(著) 
",https://www.amazon.co.jp/-/en/%E6%9D%BE%E5%B3%B6-%E4%B8%83%E8%A1%A3/dp/4798164445,0
[増補改訂]ビッグデータを支える技術 ——ラップトップ1台で学ぶデータ基盤のしくみ (WEB+DB PRESS plus),22,3520,4.5,"
Alex Petrov 
(著),  
",https://www.amazon.co.jp/-/en/%E8%A5%BF%E7%94%B0-%E5%9C%AD%E4%BB%8B/dp/4297119528,368 pages
1週間でAWS認定資格の基礎が学べる本,30,2640,4.1,"
佐藤昭文 
(著) 
",https://www.amazon.co.jp/-/en/%E6%A0%AA%E5%BC%8F%E4%BC%9A%E7%A4%BENTT%E3%83%87%E3%83%BC%E3%82%BF-%E9%AE%92%E7%94%B0%E6%96%87%E5%B9%B3/dp/4295016306,256 pages
よくわかる Access 2021 基礎 Office 2021/Microsoft 365対応,2,2079,4.5,"
門脇香奈子 
(著),  
",https://www.amazon.co.jp/-/en/%E6%A0%AA%E5%BC%8F%E4%BC%9A%E7%A4%BE%E5%AF%8C%E5%A3%AB%E9%80%9A%E3%83%A9%E3%83%BC%E3%83%8B%E3%83%B3%E3%82%B0%E3%83%A1%E3%83%87%E3%82%A3%E3%82%A2-ebook/dp/B0BVDSCH9J,0
決定版 コンピュータサイエンス図鑑,77,2200,4.0,"
西沢 夢路 
(著) 
",https://www.amazon.co.jp/-/en/%E3%82%AF%E3%83%AC%E3%83%BC%E3%83%AB-%E3%82%AF%E3%82%A4%E3%82%B0%E3%83%AA%E3%83%BC/dp/4422414208,255 pages
ゲームから学ぶAI ——環境シミュレータ×深層強化学習で広がる世界 Tech × Books plus,16,2822,4.0,"
竹澤 有貴 
(著),  
",https://www.amazon.co.jp/-/en/%E8%A5%BF%E7%94%B0-%E5%9C%AD%E4%BB%8B-ebook/dp/B0B69W9P8J,483 pages
[改訂第3版]Jenkins実践入門 ――ビルド・テスト・デプロイを自動化する技術 (WEB+DB PRESS plus),38,3278,4.2,"
ネイト・シルバー 
(著),  
",https://www.amazon.co.jp/-/en/%E4%BD%90%E8%97%A4-%E8%81%96%E8%A6%8F/dp/4774189286,416 pages
学生・研究者のための 使える!PowerPointスライドデザイン 伝わるプレゼン1つの原理と3つの技術,116,1980,4.5,"
奥野 幹也 
(著) 
",https://www.amazon.co.jp/-/en/%E5%AE%AE%E9%87%8E-%E5%85%AC%E6%A8%B9/dp/4759811753,140 pages
Tableauユーザーのための伝わる! わかる! データ分析×ビジュアル表現トレーニング ~演習で身につく実践的な即戦力スキル~,35,2640,4.3,"
中山清喬 
(著),  
",https://www.amazon.co.jp/-/en/%E6%9D%BE%E5%B3%B6-%E4%B8%83%E8%A1%A3/dp/4798169919,200 pages
AWS認定資格 ソリューションアーキテクト-アソシエイトの試験対策から学ぶ！超クラウド入門書【SAA-C03】: IT資格試験学習サイト「Ping-t」の最強WEB問題集を活用したインフラエンジニア登竜門資格の独学勉強法を徹底解説！,48,2970,4.2,"
富士通エフ・オー・エム株式会社 (FOM出版) 
(著) 
",https://www.amazon.co.jp/-/en/%E3%81%AA%E3%81%8C%E3%81%9F%E3%81%8D/dp/B0BSJLKGR3,522 pages
前処理大全[データ分析のためのSQL/R/Python実践テクニック],100,3300,4.3,"
山森 丈範 
(著) 
",https://www.amazon.co.jp/-/en/%E6%9C%AC%E6%A9%8B-%E6%99%BA%E5%85%89/dp/4774196479,336 pages
はじめてのデータサイエンス,2,2090,4.4,"
アシスト教育部 
(著) 
",https://www.amazon.co.jp/-/en/%E6%BB%8B%E8%B3%80%E5%A4%A7%E5%AD%A6%E3%83%87%E3%83%BC%E3%82%BF%E3%82%B5%E3%82%A4%E3%82%A8%E3%83%B3%E3%82%B9%E5%AD%A6%E9%83%A8/dp/4780611024,208 pages
VBAエキスパート公式テキスト Access VBAスタンダード,24,3520,4.2,"
大和総研フロンティア研究開発センター 
(著) 
",https://www.amazon.co.jp/-/en/%E6%AD%A6%E8%97%A4-%E7%8E%84/dp/4908327149,283 pages
Pythonで儲かるAIをつくる,244,3190,4.1,"
朝井 淳 
(著) 
",https://www.amazon.co.jp/-/en/%E8%B5%A4%E7%9F%B3-%E9%9B%85%E5%85%B8/dp/4296106961,392 pages
(模擬問題付き)改訂新版 徹底攻略 AWS認定 ソリューションアーキテクト − アソシエイト教科書[SAA-C02]対応,216,2618,4.3,"
きたみあきこ 
(著) 
",https://www.amazon.co.jp/-/en/%E9%B3%A5%E8%B0%B7%E9%83%A8-%E6%98%AD%E5%AF%9B/dp/4295010650,264 pages
VBAエキスパート公式テキスト Access VBAベーシック,33,3300,4.0,"
八子知礼 
(著) 
",https://www.amazon.co.jp/-/en/%E6%AD%A6%E8%97%A4-%E7%8E%84/dp/4908327130,286 pages
データベースシステム(改訂2版),11,3520,4.0,"
Cathy Tanimura 
(著),  
",https://www.amazon.co.jp/-/en/%E5%8C%97%E5%B7%9D-%E5%8D%9A%E4%B9%8B/dp/427422516X,0
詳説 データベース ―ストレージエンジンと分散データシステムの仕組み,44,4180,4.2,"
真野 智之 
(著) 
",https://www.amazon.co.jp/-/en/Alex-Petrov/dp/4873119545,392 pages
Webアプリ開発で学ぶ Rust言語入門,37,1980,4.2,"
松本 美穂 
(著),  
",https://www.amazon.co.jp/-/en/%E4%BD%90%E8%97%A4%E6%98%AD%E6%96%87/dp/4798067318,324 pages
(無料電話サポート付)できるポケット Excelピボットテーブル 基本＆活用マスターブック　Office 2021/2019/2016 & Microsoft 365対応,32,968,4.0,"
大家 正登 
(著) 
",https://www.amazon.co.jp/-/en/%E9%96%80%E8%84%87%E9%A6%99%E5%A5%88%E5%AD%90/dp/4295015350,256 pages
JUnit実践入門 ~体系的に学ぶユニットテストの技法 (WEB+DB PRESS plus),48,3630,4.2,"
真野 正 
(著) 
",https://www.amazon.co.jp/-/en/%E6%B8%A1%E8%BE%BA-%E4%BF%AE%E5%8F%B8/dp/477415377X,480 pages
基礎からのMySQL 第3版 (基礎からシリーズ),37,6746,4.5,"
土岐 順子 
(著) 
",https://www.amazon.co.jp/-/en/%E8%A5%BF%E6%B2%A2-%E5%A4%A2%E8%B7%AF/dp/4797393114,0
PHPフレームワーク Laravel Webアプリケーション開発 バージョン8.x対応,54,4180,4.0,"
伊藤 直也 
(著),  
",https://www.amazon.co.jp/-/en/%E7%AB%B9%E6%BE%A4-%E6%9C%89%E8%B2%B4/dp/4802613008,0
シグナル&ノイズ 天才データアナリストの「予測学」,124,0,4.2,"
杉本 雅広 
(著) 
",https://www.amazon.co.jp/-/en/%E3%83%8D%E3%82%A4%E3%83%88%E3%83%BB%E3%82%B7%E3%83%AB%E3%83%90%E3%83%BC/dp/4822249808,594 pages
詳解MySQL 5.7 止まらぬ進化に乗り遅れないためのテクニカルガイド (NEXT ONE),28,3960,4.2,"
西尾 泰和 
(著) 
",https://www.amazon.co.jp/-/en/%E5%A5%A5%E9%87%8E-%E5%B9%B9%E4%B9%9F/dp/4798147400,0
スッキリわかるSQL入門 第2版 ドリル222問付き! (スッキリわかる入門シリーズ),276,4600,4.0,"
米津 武至 
(著) 
",https://www.amazon.co.jp/-/en/%E4%B8%AD%E5%B1%B1%E6%B8%85%E5%96%AC/dp/4295005096,0
Excel 2019 ドリル (よくわかる),85,1100,4.1,"
東 浩紀 
(著) 
",https://www.amazon.co.jp/-/en/%E5%AF%8C%E5%A3%AB%E9%80%9A%E3%82%A8%E3%83%95%E3%83%BB%E3%82%AA%E3%83%BC%E3%83%BB%E3%82%A8%E3%83%A0%E6%A0%AA%E5%BC%8F%E4%BC%9A%E7%A4%BE-FOM%E5%87%BA%E7%89%88/dp/4865104216,99 pages
[改訂第3版]シェルスクリプト基本リファレンス ──#!/bin/shで、ここまでできる (WEB+DB PRESS plus),59,2948,4.9,"
田籠 聡 
(著) 
",https://www.amazon.co.jp/-/en/%E5%B1%B1%E6%A3%AE-%E4%B8%88%E7%AF%84/dp/4774186945,0
プロとしてのOracle PL/SQL入門 【第3版】(Oracle 12c、11g、10g対応) (Oracle現場主義),46,0,4.2,"
仲田 尚央 
(著),  
",https://www.amazon.co.jp/-/en/%E3%82%A2%E3%82%B7%E3%82%B9%E3%83%88%E6%95%99%E8%82%B2%E9%83%A8/dp/4797377070,360 pages
図解まるわかり NFTのしくみ,19,1848,4.4,"
矢野 啓介 
(著) 
",https://www.amazon.co.jp/-/en/%E5%A4%A7%E5%92%8C%E7%B7%8F%E7%A0%94%E3%83%95%E3%83%AD%E3%83%B3%E3%83%86%E3%82%A3%E3%82%A2%E7%A0%94%E7%A9%B6%E9%96%8B%E7%99%BA%E3%82%BB%E3%83%B3%E3%82%BF%E3%83%BC/dp/4798175900,248 pages
[改訂第4版]SQLポケットリファレンス,86,2178,4.0,"
富士通ラーニングメディア 
(著) 
",https://www.amazon.co.jp/-/en/%E6%9C%9D%E4%BA%95-%E6%B7%B3/dp/4774187321,0
自分でつくるAccess 販売・顧客・帳票管理システム 2021/2019/2016、Microsoft 365対応,9,2915,4.3,"
早坂清志 
(著),  
",https://www.amazon.co.jp/-/en/%E3%81%8D%E3%81%9F%E3%81%BF%E3%81%82%E3%81%8D%E3%81%93/dp/4839977399,320 pages
DX CX SX ―― 挑戦するすべての企業に爆発的な成長をもたらす経営の思考法 ――,121,1738,4.2,"
本間卓哉 
(著),  
",https://www.amazon.co.jp/-/en/%E5%85%AB%E5%AD%90%E7%9F%A5%E7%A4%BC/dp/4295406228,0
SQLではじめるデータ分析 ―クエリで行う前処理、時系列解析、コホート分析、テキスト分析、異常検知,5,3740,4.2,"
陶山 嶺 
(著) 
",https://www.amazon.co.jp/-/en/Cathy-Tanimura/dp/4814400209,352 pages
AWSではじめる クラウド開発入門 (Compass Data Science),20,3498,4.1,"
羽生 章洋 
(著),  
",https://www.amazon.co.jp/-/en/%E7%9C%9F%E9%87%8E-%E6%99%BA%E4%B9%8B/dp/4839977607,368 pages
事業分析・データ設計のためのモデル作成技術入門,12,4378,4.1,"
五十嵐 貴之 
(著) 
",https://www.amazon.co.jp/-/en/%E4%BD%90%E8%97%A4-%E6%AD%A3%E7%BE%8E/dp/4297129469,320 pages
SQL Server 2016の教科書 開発編,41,3960,4.1,"
下山 輝昌 
(著),  
",https://www.amazon.co.jp/-/en/%E6%9D%BE%E6%9C%AC-%E7%BE%8E%E7%A9%82/dp/4802610629,0
PHP本格入門[上] ~プログラミングとオブジェクト指向の基礎からデータベース連携まで,41,3938,4.1,"
富士通エフ・オー・エム株式会社 (FOM出版) 
(著) 
",https://www.amazon.co.jp/-/en/%E5%A4%A7%E5%AE%B6-%E6%AD%A3%E7%99%BB/dp/4297114682,680 pages
AWSではじめるインフラ構築入門 安全で堅牢な本番環境のつくり方,153,5800,4.1,"
岡嶋 裕史 
(著) 
",https://www.amazon.co.jp/-/en/%E4%B8%AD%E5%9E%A3-%E5%81%A5%E5%BF%97/dp/4798163430,0
実践的データモデリング入門 (DB Magazine SELECTION),21,2640,4.4,"
喜多 耕一 
(著) 
",https://www.amazon.co.jp/-/en/%E7%9C%9F%E9%87%8E-%E6%AD%A3/dp/4798103853,0
世界一わかりやすい Excelテキスト 2021/2019/2016/365対応版 (ベテラン講師がつくりました),4,1958,4.4,"
尾藤 正人 
(著),  
",https://www.amazon.co.jp/-/en/%E5%9C%9F%E5%B2%90-%E9%A0%86%E5%AD%90/dp/4297126753,272 pages
[Web開発者のための]大規模サービス技術入門 ―データ構造、メモリ、OS、DB、サーバ/インフラ (WEB+DB PRESS plusシリーズ),36,2838,4.1,"
Master KT 
(著) 
",https://www.amazon.co.jp/-/en/%E4%BC%8A%E8%97%A4-%E7%9B%B4%E4%B9%9F/dp/4774143073,0
[ゲーム&モダンJavaScript文法で2倍楽しい]グラフィックスプログラミング入門 ——リアルタイムに動く画面を描く。プログラマー直伝の基本 (WEB+DB PRESS plus),43,3058,4.3,"
Alan Beaulieu 
(著),  
",https://www.amazon.co.jp/-/en/%E6%9D%89%E6%9C%AC-%E9%9B%85%E5%BA%83/dp/4297110857,368 pages
コーディングを支える技術 ~成り立ちから学ぶプログラミング作法 (WEB+DB PRESS plus),73,2717,4.1,"
小笠原 種高 
(著) 
",https://www.amazon.co.jp/-/en/%E8%A5%BF%E5%B0%BE-%E6%B3%B0%E5%92%8C/dp/477415654X,264 pages
絵で見てわかるブロックチェーンの仕組み,26,2838,4.0,"
朝井 淳 
(著) 
",https://www.amazon.co.jp/-/en/%E7%B1%B3%E6%B4%A5-%E6%AD%A6%E8%87%B3/dp/4798158860,256 pages
一般意志2.0 ルソー、フロイト、グーグル (講談社文庫),136,759,4.1,"
松田達也 
(著) 
",https://www.amazon.co.jp/-/en/%E6%9D%B1-%E6%B5%A9%E7%B4%80/dp/4062932725,336 pages
Fluentd実践入門 ── 統合ログ基盤のためのデータ収集ツール (WEB+DB PRESS plus),13,3520,4.0,"
高橋 麻奈 
(著) 
",https://www.amazon.co.jp/-/en/%E7%94%B0%E7%B1%A0-%E8%81%A1/dp/4297131099,544 pages
ヘルプサイトの作り方 (WEB+DB PRESSプラスシリーズ),30,2838,4.3,"
佐藤 明夫 
(著),  
",https://www.amazon.co.jp/-/en/%E4%BB%B2%E7%94%B0-%E5%B0%9A%E5%A4%AE/dp/4297104040,208 pages
[改訂新版]プログラマのための文字コード技術入門 (WEB+DB PRESS plusシリーズ),35,2948,4.3,"
平塚 知真子 
(著),  
",https://www.amazon.co.jp/-/en/%E7%9F%A2%E9%87%8E-%E5%95%93%E4%BB%8B/dp/4297102919,0
Access 2021 応用 Office 2021/Microsoft 365 対応,1,2310,4.2,"
吉成 祐人 
(著),  
",https://www.amazon.co.jp/-/en/%E5%AF%8C%E5%A3%AB%E9%80%9A%E3%83%A9%E3%83%BC%E3%83%8B%E3%83%B3%E3%82%B0%E3%83%A1%E3%83%87%E3%82%A3%E3%82%A2/dp/4867750298,302 pages
(無料電話サポート・無料電子版付)できるExcelデータベース 入力・整形・分析の効率アップに役立つ本 2019/2016/2013 & Microsoft 365対応 (できるシリーズ),61,2288,4.0,"
日能研教務部 
(編集) 
",https://www.amazon.co.jp/-/en/%E6%97%A9%E5%9D%82%E6%B8%85%E5%BF%97/dp/4295010286,320 pages
売上が上がるフロントオフィスの設計図――営業DX・CRM/SFA・MA活用・マーケティング戦略を一気に実現させる方法,37,1848,4.3,"
渡部 徹太郎 
(著, 監修),  
",https://www.amazon.co.jp/-/en/%E6%9C%AC%E9%96%93%E5%8D%93%E5%93%89/dp/4295406910,240 pages
Python実践入門 ── 言語の力を引き出し、開発効率を高める (WEB+DB PRESS plusシリーズ),105,3278,4.3,"
Anthony Molinaro 
(著),  
",https://www.amazon.co.jp/-/en/%E9%99%B6%E5%B1%B1-%E5%B6%BA/dp/429711111X,0
改訂第3版 すらすらと手が動くようになる SQL書き方ドリル (WEB+DB PRESS plus),28,2706,4.6,"
田村 達也 
(著) 
",https://www.amazon.co.jp/-/en/%E7%BE%BD%E7%94%9F-%E7%AB%A0%E6%B4%8B/dp/4774180661,0
SQL Server Transact-SQLプログラミング 実践開発ガイド,30,3938,4.5,"
杉原 厚吉 
(著) 
",https://www.amazon.co.jp/-/en/%E4%BA%94%E5%8D%81%E5%B5%90-%E8%B2%B4%E4%B9%8B/dp/4297108356,0
Python実践データ分析100本ノック,400,0,4.4,"
久我 涼子 
(著) 
",https://www.amazon.co.jp/-/en/%E4%B8%8B%E5%B1%B1-%E8%BC%9D%E6%98%8C/dp/4798058750,272 pages
Access 2019 応用 (よくわかる),82,2200,4.1,"
きたみあきこ 
(著),  
",https://www.amazon.co.jp/-/en/%E5%AF%8C%E5%A3%AB%E9%80%9A%E3%82%A8%E3%83%95%E3%83%BB%E3%82%AA%E3%83%BC%E3%83%BB%E3%82%A8%E3%83%A0%E6%A0%AA%E5%BC%8F%E4%BC%9A%E7%A4%BE-FOM%E5%87%BA%E7%89%88/dp/4865103872,0
ブロックチェーン 相互不信が実現する新しいセキュリティ (ブルーバックス),155,1100,4.2,"
有野 和真 
(著) 
",https://www.amazon.co.jp/-/en/%E5%B2%A1%E5%B6%8B-%E8%A3%95%E5%8F%B2/dp/4065144353,256 pages
業務で使うＱＧＩＳ　Ver.3　完全使いこなしガイド　,77,0,4.1,"
坂下 夕里 
(著) 
",https://www.amazon.co.jp/-/en/%E5%96%9C%E5%A4%9A-%E8%80%95%E4%B8%80/dp/4881383787,0
WEB+DB PRESS Vol.122,77,2925,4.4,"
リブロワークス 
(著) 
",https://www.amazon.co.jp/-/en/%E5%B0%BE%E8%97%A4-%E6%AD%A3%E4%BA%BA/dp/4297121190,0
成長企業が選ぶ最強のデジタル変革ツール「Zoho」,43,2178,4.0,"
矢沢 久雄 
(著) 
",https://www.amazon.co.jp/-/en/%E8%88%B9%E4%BA%95%E7%B7%8F%E5%90%88%E7%A0%94%E7%A9%B6%E6%89%80/dp/4295406724,0
データドリブンの極意 〜Tableauブートキャンプで学ぶデータを「読む」「語る」力,37,2992,4.3,"
ふかひれ 
(著) 
",https://www.amazon.co.jp/-/en/Master-KT/dp/429712209X,0
詳細! PHP 8 + MySQL入門ノート XAMPP + MAMP 対応,25,3520,4.0,"
松島 七衣 
(著) 
",https://www.amazon.co.jp/-/en/%E5%A4%A7%E9%87%8D%E7%BE%8E%E5%B9%B8/dp/4800712874,592 pages
オンラインゲームを支える技術　　－－壮大なプレイ空間の舞台裏 (WEB+DB PRESS plus),28,3168,4.2,"
大川 徳之 
(著) 
",https://www.amazon.co.jp/-/en/%E4%B8%AD%E5%B6%8B-%E8%AC%99%E4%BA%92/dp/4774145807,624 pages
初めてのSQL 第3版,7,3080,4.0,"
金城 俊哉 
(著) 
",https://www.amazon.co.jp/-/en/Alan-Beaulieu/dp/4873119588,376 pages
なぜ？がわかるデータベース,22,2178,4.4,"
早川圭一 
(著) 
",https://www.amazon.co.jp/-/en/%E5%B0%8F%E7%AC%A0%E5%8E%9F-%E7%A8%AE%E9%AB%98/dp/479815654X,256 pages
[増補改訂]良いコードを書く技術 ── 読みやすく保守しやすいプログラミング作法 (WEB+DB PRESS plus),32,2948,4.1,"
寺田 眞治 
(著) 
",https://www.amazon.co.jp/-/en/%E7%B8%A3-%E4%BF%8A%E8%B2%B4/dp/4297120488,264 pages
イラストで理解　SQL　はじめて入門,17,2398,4.0,"
梅澤 克之 
(翻訳),  
",https://www.amazon.co.jp/-/en/%E6%9C%9D%E4%BA%95-%E6%B7%B3/dp/4297105438,288 pages
書き込み式SQLのドリル 改訂新版,24,2420,4.0,"
ジョー・セルコ 
(著),  
",https://www.amazon.co.jp/-/en/%E5%B1%B1%E7%94%B0-%E7%A5%A5%E5%AF%9B/dp/4822296210,0
はじめてのデータベース設計: 論理設計 正規化編,80,0,4.5,"
蝦名信英 
(著),  
",https://www.amazon.co.jp/-/en/%E6%9D%BE%E7%94%B0%E9%81%94%E4%B9%9F-ebook/dp/B09HJM9JVG,58 pages
やさしいC# 第3版 (「やさしい」シリーズ),30,2838,4.3,"
実教出版編修部 
(編集) 
",https://www.amazon.co.jp/-/en/%E9%AB%98%E6%A9%8B-%E9%BA%BB%E5%A5%88/dp/4815603928,456 pages
徹底攻略 ORACLE MASTER Bronze 12c SQL基礎問題集[1Z0-061]対応,24,3630,4.2,"
松木 雅幸 
(著),  
",https://www.amazon.co.jp/-/en/%E4%BD%90%E8%97%A4-%E6%98%8E%E5%A4%AB/dp/4844336762,496 pages
今すぐ使える！ Google Workspace & Chromebook 情報セキュリティ管理術～学校・オフィスを守るクラウド時代の新常識,14,2717,4.6,"
家入 葉子 
(著),  
",https://www.amazon.co.jp/-/en/%E5%B9%B3%E5%A1%9A-%E7%9F%A5%E7%9C%9F%E5%AD%90-ebook/dp/B0B773BZG3,462 pages
ステップアップUnity ──プロが教える現場の教科書 (WEB+DB PRESS plus),24,2948,4.1,"
高橋 麻奈 
(著) 
",https://www.amazon.co.jp/-/en/%E5%90%89%E6%88%90-%E7%A5%90%E4%BA%BA/dp/4297119277,256 pages
ウイニングステップ 小学4年 算数2 図形 (ウイニングステップシリーズ),28,880,4.0,"
松田達也 
(著) 
",https://www.amazon.co.jp/-/en/%E6%97%A5%E8%83%BD%E7%A0%94%E6%95%99%E5%8B%99%E9%83%A8/dp/4895248836,104 pages
RDB技術者のためのNoSQLガイド,43,7349,4.2,"
貝瀬 岳志 
(著),  
",https://www.amazon.co.jp/-/en/%E6%B8%A1%E9%83%A8-%E5%BE%B9%E5%A4%AA%E9%83%8E/dp/479804573X,568 pages
SQLクックブック 第2版 ―データベースエキスパート、データサイエンティストのための実践レシピ集,10,4400,4.7,"
Dale Dougherty 
(著),  
",https://www.amazon.co.jp/-/en/Anthony-Molinaro/dp/4873119774,560 pages
オラクル認定資格教科書 Javaプログラマ Bronze SE 7/8,34,3520,4.5,"
ピーコックアンダーソン 
(著) 
",https://www.amazon.co.jp/-/en/%E5%B1%B1%E6%9C%AC-%E9%81%93%E5%AD%90/dp/4798142719,344 pages
MongoDB 解体新書: これ１冊で即実践レベル！究極の入門書 (専門書),33,0,4.1,"
日能研教務部 
(編集) 
",https://www.amazon.co.jp/-/en/%E7%94%B0%E6%9D%91-%E9%81%94%E4%B9%9F-ebook/dp/B07BGC4MJ1,0
データ構造とアルゴリズム,18,2640,4.5,"
浜田 久美子 
(著) 
",https://www.amazon.co.jp/-/en/%E6%9D%89%E5%8E%9F-%E5%8E%9A%E5%90%89/dp/4320120345,203 pages
ノーコードではじめる機械学習,7,2760,5.0,"
日能研教務部 
(編集) 
",https://www.amazon.co.jp/-/en/%E4%B9%85%E6%88%91-%E6%B6%BC%E5%AD%90/dp/B09NSF3ZYC,260 pages
もし、プロのスコアラーがあなたの野球チームにいたら何をやるか?,42,1760,4.4,"
後藤 雄一 
(編集),  
",https://www.amazon.co.jp/-/en/%E4%B8%89%E4%BA%95-%E5%BA%B7%E6%B5%A9/dp/4041112842,304 pages
(無料電話サポート付き)できるExcel グラフ Office 365/2019/2016/2013対応 魅せる&伝わる資料作成に役立つ本 (できるシリーズ),23,2178,4.0,"
杉山 貴章 
(著),  
",https://www.amazon.co.jp/-/en/%E3%81%8D%E3%81%9F%E3%81%BF%E3%81%82%E3%81%8D%E3%81%93/dp/4295007935,400 pages
Androidを支える技術〈I〉──60fpsを達成するモダンなGUIシステム (WEB+DB PRESS plus),25,3960,4.1,"
沢内 晴彦 
(著) 
",https://www.amazon.co.jp/-/en/%E6%9C%89%E9%87%8E-%E5%92%8C%E7%9C%9F/dp/4774187593,336 pages
イラストでそこそこわかるSQL SELECT文と並び替え・集約のきほんのきまで,7,2750,4.1,"
本橋信也 
(著),  
",https://www.amazon.co.jp/-/en/%E5%9D%82%E4%B8%8B-%E5%A4%95%E9%87%8C/dp/4798163732,0
今すぐ使えるかんたんEx Excel関数 ビジネスに役立つ! プロ技BESTセレクション[2019/2016/2013/365対応版],12,1760,4.3,"
日能研教務部 
(編集) 
",https://www.amazon.co.jp/-/en/%E3%83%AA%E3%83%96%E3%83%AD%E3%83%AF%E3%83%BC%E3%82%AF%E3%82%B9/dp/4297122537,352 pages
いちばんやさしい SQL 入門教室,50,2069,4.1,"
株式会社ハートビーツ 
(著),  
",https://www.amazon.co.jp/-/en/%E7%9F%A2%E6%B2%A2-%E4%B9%85%E9%9B%84-ebook/dp/B07S5KVWCF,242 pages
世界でいちばんやさしいブックマーク整理の教科書: 生産性UP！お気に入りデータの整理術　大量のブックマークコレクションがすっきり片付く 整理シリーズ (ふかひれ出版),12,0,4.0,"
株式会社コーソル 渡部 亮太 
(著) 
",https://www.amazon.co.jp/-/en/%E3%81%B5%E3%81%8B%E3%81%B2%E3%82%8C-ebook/dp/B0BR5RZS5W,0
Tableauによる最強・最速のデータ可視化テクニック ～データ加工からダッシュボード作成まで～,144,0,4.4,"
奥野 幹也 
(著, 編集) 
",https://www.amazon.co.jp/-/en/%E6%9D%BE%E5%B3%B6-%E4%B8%83%E8%A1%A3/dp/4798159743,352 pages
[増補改訂]関数プログラミング実践入門 ──簡潔で、正しいコードを書くために (WEB+DB PRESS plus),13,3278,4.0,"
きたみあきこ 
(著),  
",https://www.amazon.co.jp/-/en/%E5%A4%A7%E5%B7%9D-%E5%BE%B3%E4%B9%8B/dp/4774183903,0
VisualC#2019パーフェクトマスター (Perfect Master),61,3520,4.2,"
日能研教務部 
(編集) 
",https://www.amazon.co.jp/-/en/%E9%87%91%E5%9F%8E-%E4%BF%8A%E5%93%89/dp/4798059129,784 pages
SQLの苦手を克服する本 データの操作がイメージできれば誰でもできる (Software Design plusシリーズ),28,2728,4.0,"
菅原 祐 
(著),  
",https://www.amazon.co.jp/-/en/%E7%94%9F%E5%B3%B6-%E5%8B%98%E5%AF%8C/dp/4297107171,0
SFA・CRM 現場を動かす営業DX,7,1628,4.1,"
加藤健 
(著),  
",https://www.amazon.co.jp/-/en/%E6%97%A9%E5%B7%9D%E5%9C%AD%E4%B8%80/dp/4295407119,192 pages
個人データ戦略活用　ステップで分かる改正個人情報保護法実務ガイドブック,24,2640,4.4,"
川合 史朗 
(著),  
",https://www.amazon.co.jp/-/en/%E5%AF%BA%E7%94%B0-%E7%9C%9E%E6%B2%BB/dp/4296110926,0
情報検索 :検索エンジンの実装と評価,4,13200,4.5,"
永田 武 
(著) 
",https://www.amazon.co.jp/-/en/%E6%A2%85%E6%BE%A4-%E5%85%8B%E4%B9%8B/dp/4627817614,0
SQLパズル 第2版~プログラミングが変わる書き方/考え方,23,3080,4.3,"
不二桜 
(著) 
",https://www.amazon.co.jp/-/en/%E3%82%B8%E3%83%A7%E3%83%BC%E3%83%BB%E3%82%BB%E3%83%AB%E3%82%B3/dp/4798114138,336 pages
書籍「仕事で使うエクセル/ファイルメーカー/リモートワーク」,5,3520,4.3,"
上原 孝之 
(著) 
",https://www.amazon.co.jp/-/en/%E8%9D%A6%E5%90%8D%E4%BF%A1%E8%8B%B1/dp/B08HGW8TCD,0
60時間でエキスパート Access 2007/2010,10,0,4.0,"
日比野 恒 
(著) 
",https://www.amazon.co.jp/-/en/%E5%AE%9F%E6%95%99%E5%87%BA%E7%89%88%E7%B7%A8%E4%BF%AE%E9%83%A8/dp/4407319070,0
改訂2版 みんなのGo言語,56,2398,4.7,"
朝井 淳 
(著) 
",https://www.amazon.co.jp/-/en/%E6%9D%BE%E6%9C%A8-%E9%9B%85%E5%B9%B8/dp/4297107279,0
SQLデータ分析・活用入門 データサイエンスの扉を開くための技術 MySQL/PostgreSQL 両対応,29,2860,4.3,"
掌田津耶乃 
(著) 
",https://www.amazon.co.jp/-/en/%E8%A5%BF%E6%BD%A4%E5%8F%B2%E9%83%8E/dp/4802612265,400 pages
文献学と英語史研究 (最新英語学・言語学シリーズ 21巻),3,3960,4.3,"
Scott Gaetjen 
(著),  
",https://www.amazon.co.jp/-/en/%E5%AE%B6%E5%85%A5-%E8%91%89%E5%AD%90/dp/4758914214,0
やさしいJava 活用編 第6版 (「やさしい」シリーズ),7,0,4.6,"
南部 朋子 
(著),  
",https://www.amazon.co.jp/-/en/%E9%AB%98%E6%A9%8B-%E9%BA%BB%E5%A5%88/dp/481560083X,0
はじめてのデータベース設計: データベース設計準備編,36,0,4.2,"
中村 州男 
(著) 
",https://www.amazon.co.jp/-/en/%E6%9D%BE%E7%94%B0%E9%81%94%E4%B9%9F-ebook/dp/B0B2NGD7GS,100 pages
スクラム実践入門 ── 成果を生み出すアジャイルな開発プロセス (WEB+DB PRESS plus),26,2838,4.4,"
勝俣 智成 
(著),  
",https://www.amazon.co.jp/-/en/%E8%B2%9D%E7%80%AC-%E5%B2%B3%E5%BF%97/dp/4774172367,240 pages
sed & awkプログラミング 改訂版 (A nutshell handbook),23,4510,4.5,"
NSシステムズ 
(著) 
",https://www.amazon.co.jp/-/en/Dale-Dougherty/dp/4900900583,461 pages
みんなのコンピュータサイエンス,21,2750,4.3,"
日能研教務部 
(編集) 
",https://www.amazon.co.jp/-/en/Wladston-Ferreira-Filho/dp/4798154814,200 pages
データベース論理設計: データベースの論理設計を学んで正規化やE-R図の書き方がわかるようになります,9,0,4.3,"
エンコアコンサルティング 
(著) 
",https://www.amazon.co.jp/-/en/%E3%83%94%E3%83%BC%E3%82%B3%E3%83%83%E3%82%AF%E3%82%A2%E3%83%B3%E3%83%80%E3%83%BC%E3%82%BD%E3%83%B3-ebook/dp/B0B4H43TDB,119 pages
ウイニングステップ 小学5年 国語1 説明的文章 改訂新版 (ウイニングステップシリーズ),19,990,4.3,"
Markus Winand 
(著, 寄稿) 
",https://www.amazon.co.jp/-/en/%E6%97%A5%E8%83%BD%E7%A0%94%E6%95%99%E5%8B%99%E9%83%A8/dp/4840302634,96 pages
日本史を学ぶための図書館活用術: 辞典・史料・データベース,23,1980,4.5,"
増井 敏克 
(著) 
",https://www.amazon.co.jp/-/en/%E6%B5%9C%E7%94%B0-%E4%B9%85%E7%BE%8E%E5%AD%90/dp/4642083707,183 pages
ウイニングステップ小学6年国語2記述,2,990,4.0,"
Robin Nixon 
(著),  
",https://www.amazon.co.jp/-/en/%E6%97%A5%E8%83%BD%E7%A0%94%E6%95%99%E5%8B%99%E9%83%A8/dp/4840302669,144 pages
実験医学増刊 Vol.39 No.7 日本人の疾患と健康のためのバイオバンクとデータベース活用法〜試料と情報の的確な探し方と使い方,4,5940,4.0,"
井田潤 
(著) 
",https://www.amazon.co.jp/-/en/%E5%BE%8C%E8%97%A4-%E9%9B%84%E4%B8%80/dp/4758103941,191 pages
反復学習ソフト付き 正規表現書き方ドリル (WEB+DB PRESS plus),26,3058,5.0,"
ChatGPT × Canva AIクリエイター　エンチャン 
(著),  
",https://www.amazon.co.jp/-/en/%E6%9D%89%E5%B1%B1-%E8%B2%B4%E7%AB%A0/dp/4774145092,296 pages
これ一冊で完璧! AccessVBA即戦力講座,27,2200,4.1,"
羽山博 
(著),  
",https://www.amazon.co.jp/-/en/%E6%B2%A2%E5%86%85-%E6%99%B4%E5%BD%A6/dp/4798046108,0
NOSQLの基礎知識 (ビッグデータを活かすデータベース技術),43,2450,4.7,"
西村めぐみ 
(著) 
",https://www.amazon.co.jp/-/en/%E6%9C%AC%E6%A9%8B%E4%BF%A1%E4%B9%9F/dp/4897978874,256 pages
ウイニングステップ 小学5年 社会 改訂新版<資料増補版> (ウイニングステップシリーズ),11,880,4.2,"
速水 治夫 
(著) 
",https://www.amazon.co.jp/-/en/%E6%97%A5%E8%83%BD%E7%A0%94%E6%95%99%E5%8B%99%E9%83%A8/dp/4840307423,140 pages
ウイニングステップ 小学5年 算数1 文章題 (ウイニングステップシリーズ),20,880,4.5,"
鈴木 健吾 
(著),  
",https://www.amazon.co.jp/-/en/%E6%97%A5%E8%83%BD%E7%A0%94%E6%95%99%E5%8B%99%E9%83%A8/dp/489524878X,120 pages
15時間でわかるMySQL集中講座,5,3168,4.5,"
一志 達也 
(著) 
",https://www.amazon.co.jp/-/en/%E6%A0%AA%E5%BC%8F%E4%BC%9A%E7%A4%BE%E3%83%8F%E3%83%BC%E3%83%88%E3%83%93%E3%83%BC%E3%83%84/dp/4297106329,384 pages
Tableauデータ分析 ~実践から活用まで~,21,0,4.2,"
立山 秀利 
(著) 
",https://www.amazon.co.jp/-/en/%E5%B0%8F%E9%87%8E%E6%B3%B0%E8%BC%94/dp/4798054240,384 pages
プロとしてのOracleアーキテクチャ入門【第2版】(12c、11g、10g 対応) 図解と実例解説で学ぶ、データベースの仕組み (Oracle現場主義),22,0,4.2,"
五十嵐 貴之 
(著) 
",https://www.amazon.co.jp/-/en/%E6%A0%AA%E5%BC%8F%E4%BC%9A%E7%A4%BE%E3%82%B3%E3%83%BC%E3%82%BD%E3%83%AB-%E6%B8%A1%E9%83%A8-%E4%BA%AE%E5%A4%AA/dp/4797384085,0
エキスパートのためのMySQL[運用+管理]トラブルシューティングガイド,14,0,4.0,"
安藤 祐介 
(著),  
",https://www.amazon.co.jp/-/en/%E5%A5%A5%E9%87%8E-%E5%B9%B9%E4%B9%9F/dp/4774142948,520 pages
Effective SQL,14,3850,4.2,"
Ian Robinson 
(著),  
",https://www.amazon.co.jp/-/en/John-L-Viescas/dp/4798153990,304 pages
(無料電話サポート付)できるポケット Excelグラフ 基本&活用マスターブック Office 365/2019/2016/2013対応 (できるポケットシリーズ),11,1078,4.1,"
小田 圭二 
(著) 
",https://www.amazon.co.jp/-/en/%E3%81%8D%E3%81%9F%E3%81%BF%E3%81%82%E3%81%8D%E3%81%93/dp/4295008397,256 pages
ウイニングステップ 小学5年 理科 (ウイニングステップシリーズ),21,880,4.4,"
日能研教務部 
(編集) 
",https://www.amazon.co.jp/-/en/%E6%97%A5%E8%83%BD%E7%A0%94%E6%95%99%E5%8B%99%E9%83%A8/dp/4840300984,0
軽量・高速モバイルデータベースRealm入門,8,3168,4.0,"
山田 祥寛 
(著) 
",https://www.amazon.co.jp/-/en/%E8%8F%85%E5%8E%9F-%E7%A5%90/dp/4774188484,288 pages
絵で見てわかるシステム構築のためのOracle設計 DB Selection,12,1540,4.0,"
Laine Campbell 
(著),  
",https://www.amazon.co.jp/-/en/%E5%8A%A0%E8%97%A4%E5%81%A5-ebook/dp/B0088L99VY,418 pages
WEB+DB PRESS総集編[Vol.1~102] (WEB+DB PRESS plusシリーズ),26,3080,4.2,"
渡辺 幸三 
(著) 
",https://www.amazon.co.jp/-/en/%E5%B7%9D%E5%90%88-%E5%8F%B2%E6%9C%97/dp/477419686X,0
図解でなっとく! トラブル知らずのシステム設計 エラー制御・排他制御編,37,0,4.0,"
公益社団法人日本輸入食品安全推進協会 
(著, 編集) 
",https://www.amazon.co.jp/-/en/%E9%87%8E%E6%9D%91%E7%B7%8F%E5%90%88%E7%A0%94%E7%A9%B6%E6%89%80/dp/4822257193,272 pages
データベースの基礎 (改訂版) - MariaDB/MySQL対応 -,2,0,4.1,"
eigo 
(著),  
",https://www.amazon.co.jp/-/en/%E6%B0%B8%E7%94%B0-%E6%AD%A6/dp/433902919X,192 pages
Excel最強集計術 〜現場で効率アップできる本当に正しい使い方,22,2508,4.2,"
小野 哲 
(著),  
",https://www.amazon.co.jp/-/en/%E4%B8%8D%E4%BA%8C%E6%A1%9C/dp/4297112035,368 pages
情報処理教科書 情報処理安全確保支援士 2022年版,111,3168,4.2,"
山田 祥寛 
(著) 
",https://www.amazon.co.jp/-/en/%E4%B8%8A%E5%8E%9F-%E5%AD%9D%E4%B9%8B/dp/4798173193,816 pages
Elastic Stack実践ガイド[Logstash/Beats編] (impress top gear),19,3850,4.1,"
真野 正 
(著) 
",https://www.amazon.co.jp/-/en/%E6%97%A5%E6%AF%94%E9%87%8E-%E6%81%92/dp/4295009989,0
アルゴリズム論 (IT Text),15,3080,4.3,"
松信 嘉範 
(著) 
",https://www.amazon.co.jp/-/en/%E6%B5%85%E9%87%8E-%E5%93%B2%E5%A4%AB/dp/4274132781,0
[データベースの気持ちがわかる]SQLはじめの一歩 (WEB+DB PRESS plus),3,2398,4.7,"
Yoshiki Mogi 
(著) 
",https://www.amazon.co.jp/-/en/%E6%9C%9D%E4%BA%95-%E6%B7%B3/dp/4774171824,352 pages
クラウドゲームをつくる技術 ──マルチプレイゲーム開発の新戦力 (WEB+DB PRESS plusシリーズ),13,3036,4.2,"
hikalium 
(著),  
",https://www.amazon.co.jp/-/en/%E4%B8%AD%E5%B6%8B-%E8%AC%99%E4%BA%92/dp/4774199419,432 pages
ブラウザだけで学べる シゴトで役立つ やさしいPython入門,16,2618,4.8,"
日能研教務部 
(編集) 
",https://www.amazon.co.jp/-/en/%E6%8E%8C%E7%94%B0%E6%B4%A5%E8%80%B6%E4%B9%83/dp/4839974187,288 pages
セキュリティはなぜ破られるのか―10年使える「セキュリティの考え方」 (ブルーバックス),24,0,4.7,"
山森 丈範 
(著) 
",https://www.amazon.co.jp/-/en/%E5%B2%A1%E5%B6%8B-%E8%A3%95%E5%8F%B2/dp/4062575248,224 pages
Oracleデータベースセキュリティ セキュアなデータベース構築・運用の原則,6,5720,4.3,"
臼渕 啓明 
(著) 
",https://www.amazon.co.jp/-/en/Scott-Gaetjen/dp/4798142409,608 pages
トラブルを防ぐ 著作権侵害の判断と法的対応,3,3300,4.3,"
西田 圭介 
(著) 
",https://www.amazon.co.jp/-/en/%E5%8D%97%E9%83%A8-%E6%9C%8B%E5%AD%90/dp/4539728458,320 pages
SQLiteデータ料理術,4,3630,4.5,"
SmokingWOLF 
(著) 
",https://www.amazon.co.jp/-/en/%E4%B8%AD%E6%9D%91-%E5%B7%9E%E7%94%B7/dp/4802082053,0
[改訂新版]内部構造から学ぶPostgreSQL 設計・運用計画の鉄則 (Software Design plus),50,0,4.4,"
高橋 直大 
(著),  
",https://www.amazon.co.jp/-/en/%E5%8B%9D%E4%BF%A3-%E6%99%BA%E6%88%90/dp/4297100894,320 pages
プロとしてのOracle運用管理入門 (Oracle現場主義),11,4980,4.1,"
松原 敬二 
(著) 
",https://www.amazon.co.jp/-/en/%E6%A0%AA%E5%BC%8F%E4%BC%9A%E7%A4%BE%E3%82%B3%E3%83%BC%E3%82%BD%E3%83%AB-%E6%B8%A1%E9%83%A8%E4%BA%AE%E5%A4%AA/dp/4797355123,416 pages
ウイニングステップ 小学6年 理科2 物理・化学 改訂新版 (ウイニングステップシリーズ),8,880,4.2,"
ミック 
(著) 
",https://www.amazon.co.jp/-/en/%E6%97%A5%E8%83%BD%E7%A0%94%E6%95%99%E5%8B%99%E9%83%A8/dp/4840303991,128 pages
PythonでまなぶSQLiteデータベース入門 上巻: Excelデータベースからのステップアップ,13,0,4.4,"
マイクロソフト株式会社コンサルティングサービス統括本部データベーステクノロジチーム一同 
(著),  
",https://www.amazon.co.jp/-/en/NS%E3%82%B7%E3%82%B9%E3%83%86%E3%83%A0%E3%82%BA-ebook/dp/B0BB4F4C9H,264 pages
ウイニングステップ小学4年国語1説明文 改訂新版,17,990,4.3,"
ChatGPTラボ 
(著),  
",https://www.amazon.co.jp/-/en/%E6%97%A5%E8%83%BD%E7%A0%94%E6%95%99%E5%8B%99%E9%83%A8/dp/4840302588,0
Oracleの基本 ~データベース入門から設計/運用の初歩まで,39,0,4.1,"
富士通エフ・オー・エム株式会社 (FOM出版) 
(著) 
",https://www.amazon.co.jp/-/en/%E6%B8%A1%E9%83%A8-%E4%BA%AE%E5%A4%AA/dp/4774192511,368 pages
[改訂新版] これだけはおさえたい データベース基礎の基礎 (エンジニア“確実”養成講座),20,2728,4.2,"
Josiah L. Carlson 
(著),  
",https://www.amazon.co.jp/-/en/%E8%B0%B7%E5%B0%BB-%E3%81%8B%E3%81%8A%E3%82%8A/dp/4774139939,0
ウイニングステップ 小学4年 国語2 物語と詩 改訂新版 (ウイニングステップシリーズ),16,990,4.1,"
William C. Hannas 
(原名),  
",https://www.amazon.co.jp/-/en/%E6%97%A5%E8%83%BD%E7%A0%94%E6%95%99%E5%8B%99%E9%83%A8/dp/4840302596,120 pages
データベースパフォーマンスアップの教科書 基本原理編,4,0,4.4,"
三谷 政昭 
(著) 
",https://www.amazon.co.jp/-/en/%E3%82%A8%E3%83%B3%E3%82%B3%E3%82%A2%E3%82%B3%E3%83%B3%E3%82%B5%E3%83%AB%E3%83%86%E3%82%A3%E3%83%B3%E3%82%B0/dp/4798111694,0
ほしいデータを瞬時に「検索」「出力」するExcel活用術,12,1980,4.3,"
関 太一 
(著) 
",https://www.amazon.co.jp/-/en/%E4%B8%8D%E4%BA%8C-%E6%A1%9C/dp/4297126516,224 pages
SQLパフォーマンス詳解,13,0,4.0,"
木下 雄一朗 
(著) 
",https://www.amazon.co.jp/-/en/Markus-Winand/dp/3950307842," After viewing product detail pages, look here to find an easy way to navigate back to pages you are interested in. "
エンジニアが生き残るためのテクノロジーの授業 (CodeZine BOOKS),12,2178,4.2,"
西村 めぐみ 
(著) 
",https://www.amazon.co.jp/-/en/%E5%A2%97%E4%BA%95-%E6%95%8F%E5%85%8B/dp/4798148563,0
初めてのPHP、MySQL、JavaScript&CSS 第2版,7,3960,5.0,"
Nathan Marz 
(著),  
",https://www.amazon.co.jp/-/en/Robin-Nixon/dp/4873116333,0
ポケットスタディ 情報セキュリティマネジメント 頻出・合格用語 キーワードマップ法 テキスト＆問題集258題,2,1760,4.6,"
情報処理学会 会誌編集委員会 
(編集) 
",https://www.amazon.co.jp/-/en/%E4%BA%95%E7%94%B0%E6%BD%A4/dp/4798068551,474 pages
Microsoft Access 2016 応用,35,2200,4.6,"
日野間 佐登子 
(著) 
",https://www.amazon.co.jp/-/en/%E5%AF%8C%E5%A3%AB%E9%80%9A%E3%82%A8%E3%83%95%E3%83%BB%E3%82%AA%E3%83%BC%E3%83%BB%E3%82%A8%E3%83%A0%E6%A0%AA%E5%BC%8F%E4%BC%9A%E7%A4%BE-FOM%E5%87%BA%E7%89%88/dp/4865102965,305 pages
ChatGPT × Canva 超簡単図解: タダで電子書籍デキる?!ズボラなあなたも１０分でわかる ＡＩビジネス,17,0,4.0,"
野沢 直樹 
(著),  
",https://www.amazon.co.jp/-/en/ChatGPT-%C3%97-Canva-AI%E3%82%AF%E3%83%AA%E3%82%A8%E3%82%A4%E3%82%BF%E3%83%BC-%E3%82%A8%E3%83%B3%E3%83%81%E3%83%A3%E3%83%B3-ebook/dp/B0C422LMZV,103 pages
できるポケット 時短の王道 Excel関数全事典 改訂版 Office 365 & Excel 2019/2016/2013/2010対応,227,0,4.0,"
上念 司 
(著) 
",https://www.amazon.co.jp/-/en/%E7%BE%BD%E5%B1%B1%E5%8D%9A/dp/4295005800,0
Accessではじめるデータベース超入門［改訂2版］,3,2244,4.3,"
大竹 智也 
(著) 
",https://www.amazon.co.jp/-/en/%E8%A5%BF%E6%9D%91%E3%82%81%E3%81%90%E3%81%BF-ebook/dp/B071JQZ5T6,0
リレーショナルデータベースの実践的基礎 (改訂版),3,2750,4.1,"
今村 ゆうこ 
(著) 
",https://www.amazon.co.jp/-/en/%E9%80%9F%E6%B0%B4-%E6%B2%BB%E5%A4%AB/dp/4339029149,0
Oracleの現場を効率化する100の技,22,3278,4.0,"
緒方 典子 
(著) 
",https://www.amazon.co.jp/-/en/%E9%88%B4%E6%9C%A8-%E5%81%A5%E5%90%BE/dp/4774173320,432 pages
機能で学ぶOracle Datebase入門 (DB Selection),5,2420,4.0,"
Khaled El Emam 
(著),  
",https://www.amazon.co.jp/-/en/%E4%B8%80%E5%BF%97-%E9%81%94%E4%B9%9F/dp/479812463X,0
セマンティックWebとリンクトデータ,2,3300,4.1,"
日本オラクル 
(著) 
",https://www.amazon.co.jp/-/en/%E5%85%BC%E5%B2%A9-%E6%86%B2/dp/433902869X,229 pages
Accessのデータベースのツボとコツがゼッタイにわかる本 2019/2016対応,49,2420,4.0,"
緒方 典子 
(著) 
",https://www.amazon.co.jp/-/en/%E7%AB%8B%E5%B1%B1-%E7%A7%80%E5%88%A9/dp/4798057258,309 pages
新人エンジニアのための データベースのしくみと運用がわかる本,8,2178,5.0,"
伊藤忠テクノソリューションズ株式会社 
(著),  
",https://www.amazon.co.jp/-/en/%E4%BA%94%E5%8D%81%E5%B5%90-%E8%B2%B4%E4%B9%8B/dp/4774195715,288 pages
CakePHP2 実践入門 (WEB+DB PRESS plus),27,3168,4.5,"
松原 澪 
(著) 
",https://www.amazon.co.jp/-/en/%E5%AE%89%E8%97%A4-%E7%A5%90%E4%BB%8B/dp/4774153249,416 pages
グラフデータベース ―Neo4jによるグラフデータモデルとグラフデータベース入門,7,3300,4.8,"
飯沢 篤志 
(著),  
",https://www.amazon.co.jp/-/en/Ian-Robinson/dp/4873117143,236 pages
絵で見てわかるOS/ストレージ/ネットワーク~データベースはこう使っている (DB Magazine Selection),25,0,5.0,"
米山　優 
(著) 
",https://www.amazon.co.jp/-/en/%E5%B0%8F%E7%94%B0-%E5%9C%AD%E4%BA%8C/dp/479811703X,296 pages
ウイニングステップ 小学6年 理科1 生物・地学 改訂新版 (ウイニングステップシリーズ),4,880,4.0,"
Yoshiki Mogi 
(著) 
",https://www.amazon.co.jp/-/en/%E6%97%A5%E8%83%BD%E7%A0%94%E6%95%99%E5%8B%99%E9%83%A8/dp/4840303983,124 pages
独習PHP 第3版,72,0,4.2,"
水町 雅子 
(著) 
",https://www.amazon.co.jp/-/en/%E5%B1%B1%E7%94%B0-%E7%A5%A5%E5%AF%9B/dp/479813547X,576 pages
データベースリライアビリティエンジニアリング ―回復力のあるデータベースシステムの設計と運用,9,3740,4.3,"
谷尻 かおり 
(著) 
",https://www.amazon.co.jp/-/en/Laine-Campbell/dp/4873119405,308 pages
業務別データベース設計のためのデータモデリング入門,17,0,4.1,"
Q. Ethan McCallum 
(著),  
",https://www.amazon.co.jp/-/en/%E6%B8%A1%E8%BE%BA-%E5%B9%B8%E4%B8%89/dp/4534032501,294 pages
食品添加物インデックスPLUS 第5版: 和名・英名・ENo.検索便覧,1,14300,4.0,"
石川 博 
(著, 編集),  
",https://www.amazon.co.jp/-/en/%E5%85%AC%E7%9B%8A%E7%A4%BE%E5%9B%A3%E6%B3%95%E4%BA%BA%E6%97%A5%E6%9C%AC%E8%BC%B8%E5%85%A5%E9%A3%9F%E5%93%81%E5%AE%89%E5%85%A8%E6%8E%A8%E9%80%B2%E5%8D%94%E4%BC%9A/dp/4805883839,0
【Chat GPTとは？】最先端の機能やAIの可能性を紐解く、ベストセラー続出！AIの革新的進歩！AIを活用して稼ごう！OpenAI Stable Diffusion Bing Image Creator DALL Midjourney: 革新的なAIの時代が2023年本格始動！『AIを使いこなして楽に稼ごう！』【ジェネレーティブAI】【OpenAI】【ChatGPT】【ディープラーニング】 ... AI-ChatGPTprofessionalへの道,6,0,4.8,"
株式会社サイバーエージェント 鈴木 俊裕 
(著),  
",https://www.amazon.co.jp/-/en/eigo-ebook/dp/B0C1TF5XZL,130 pages
ウイニングステップ 小学6年 算数2 文章題 (ウイニングステップシリーズ),5,880,5.0,"
黒田 努 
(著) 
",https://www.amazon.co.jp/-/en/%E6%97%A5%E8%83%BD%E7%A0%94%E6%95%99%E5%8B%99%E9%83%A8/dp/4895248704,96 pages
現場で使えるSQL 第2版 (DB Magazine SELECTION),10,2420,4.3,"
矢野 啓介 
(著) 
",https://www.amazon.co.jp/-/en/%E5%B0%8F%E9%87%8E-%E5%93%B2/dp/4798112267,312 pages
10日でおぼえるSQL Server 2005入門教室,6,0,4.3,"
速水 治夫 
(著),  
",https://www.amazon.co.jp/-/en/%E5%B1%B1%E7%94%B0-%E7%A5%A5%E5%AF%9B/dp/4798113638,496 pages
ITエンジニアのためのデータベース再入門,12,0,4.0,"
目黒 聖 
(著) 
",https://www.amazon.co.jp/-/en/%E7%9C%9F%E9%87%8E-%E6%AD%A3/dp/4865940251,200 pages
Webエンジニアのための データベース技術[実践]入門 (Software Design plus),9,4389,4.5,"
Richard Jones 
(著),  
",https://www.amazon.co.jp/-/en/%E6%9D%BE%E4%BF%A1-%E5%98%89%E7%AF%84/dp/4774150207,336 pages
【iOS 合本版】SwiftUI / Core Data(データベース) 実践入門 - Core Dataを基礎から学んでデータが保存できるTodoアプリを作ろう 合本版・SwiftUI,4,0,5.0,"
日能研教務部 
(編集) 
",https://www.amazon.co.jp/-/en/Yoshiki-Mogi-ebook/dp/B09WCK9DFZ,0
WEB+DB PRESS Vol.120,37,1628,4.1,"
西沢 夢路 
(著) 
",https://www.amazon.co.jp/-/en/hikalium/dp/4297118114,168 pages
ウイニングステップ 小学6年 算数3 図形 (ウイニングステップシリーズ),4,880,4.2,"
Arnold Robbins 
(著),  
",https://www.amazon.co.jp/-/en/%E6%97%A5%E8%83%BD%E7%A0%94%E6%95%99%E5%8B%99%E9%83%A8/dp/4895248712,0
Linuxシステムコール基本リファレンス ──OSを知る突破口 (WEB+DB PRESS plus),9,3168,4.8,"
ブリリアントスタッフ 
(著) 
",https://www.amazon.co.jp/-/en/%E5%B1%B1%E6%A3%AE-%E4%B8%88%E7%AF%84/dp/4774195553,0
Oracleデータベース バックアップリカバリテクニック,3,0,4.0,"
松信嘉範 
(著),  
",https://www.amazon.co.jp/-/en/%E8%87%BC%E6%B8%95-%E5%95%93%E6%98%8E/dp/4883731855,237 pages
MySQL Cluster による高可用システム運用ガイド(Think IT Books),3,2420,4.2,"
古原伸介 
(著) 
",https://www.amazon.co.jp/-/en/%E5%B1%B1%E5%B4%8E-%E7%94%B1%E7%AB%A0/dp/4844380109,128 pages
ビッグデータを支える技術―刻々とデータが脈打つ自動化の世界 (WEB+DB PRESS plus),42,5980,4.4,"
末田 卓巳 
(著),  
",https://www.amazon.co.jp/-/en/%E8%A5%BF%E7%94%B0-%E5%9C%AD%E4%BB%8B/dp/4774192252,304 pages
WOLF RPGエディターではじめるゲーム制作―「イベントコマンド」と「データベース」で、ゲームシステムを自由に作る! (I・O BOOKS),25,0,4.7,"
臼井 嘉彦 
(著),  
",https://www.amazon.co.jp/-/en/SmokingWOLF/dp/4777516415,255 pages
WEB+DB PRESS Vol.115,10,2824,4.0,"
Richard E.Smith 
(著),  
",https://www.amazon.co.jp/-/en/%E9%AB%98%E6%A9%8B-%E7%9B%B4%E5%A4%A7/dp/429711187X,168 pages
情報処理教科書 高度試験午前I・II 2022年版,89,5053,4.2,"
酒井 達明 
(著),  
",https://www.amazon.co.jp/-/en/%E6%9D%BE%E5%8E%9F-%E6%95%AC%E4%BA%8C/dp/4798172480,672 pages
達人に学ぶ SQL徹底指南書 (CodeZine BOOKS),71,3450,5.0,"
渡部 亮太 
(著),  
",https://www.amazon.co.jp/-/en/%E3%83%9F%E3%83%83%E3%82%AF/dp/4798115169,320 pages
アドバンストMS SQL SERVER 2008 構築・管理 (マイクロソフトコンサルティングサービステクニカルリファレンスシリーズ),3,0,4.2,"
増田 智明 
(著),  
",https://www.amazon.co.jp/-/en/%E3%83%9E%E3%82%A4%E3%82%AF%E3%83%AD%E3%82%BD%E3%83%95%E3%83%88%E6%A0%AA%E5%BC%8F%E4%BC%9A%E7%A4%BE%E3%82%B3%E3%83%B3%E3%82%B5%E3%83%AB%E3%83%86%E3%82%A3%E3%83%B3%E3%82%B0%E3%82%B5%E3%83%BC%E3%83%93%E3%82%B9%E7%B5%B1%E6%8B%AC%E6%9C%AC%E9%83%A8%E3%83%87%E3%83%BC%E3%82%BF%E3%83%99%E3%83%BC%E3%82%B9%E3%83%86%E3%82%AF%E3%83%8E%E3%83%AD%E3%82%B8%E3%83%81%E3%83%BC%E3%83%A0%E4%B8%80%E5%90%8C/dp/4891006447,544 pages
ChatGPT✖︎CANVA超入門,13,0,4.0,"
谷尻 かおり 
(著) 
",https://www.amazon.co.jp/-/en/ChatGPT%E3%83%A9%E3%83%9C-ebook/dp/B0C2MB6QYG,64 pages
Microsoft Excel 2016 演習問題集 (よくわかる),42,1100,5.0,"
尾谷武弘 
(著),  
",https://www.amazon.co.jp/-/en/%E5%AF%8C%E5%A3%AB%E9%80%9A%E3%82%A8%E3%83%95%E3%83%BB%E3%82%AA%E3%83%BC%E3%83%BB%E3%82%A8%E3%83%A0%E6%A0%AA%E5%BC%8F%E4%BC%9A%E7%A4%BE-FOM%E5%87%BA%E7%89%88/dp/4865103392,120 pages
Redis入門 インメモリKVSによる高速データ管理,6,0,4.0,"
リアーネ ビル 
(著),  
",https://www.amazon.co.jp/-/en/Josiah-L-Carlson/dp/4048917358,0
44のアンチパターンに学ぶDBシステム (DB Magazine SELECTION),9,2420,4.1,"
吉原 庄三郎 
(著) 
",https://www.amazon.co.jp/-/en/%E5%B0%8F%E7%94%B0-%E5%9C%AD%E4%BA%8C/dp/4798121045,0
文庫 中国の産業スパイ網: 世界の先進技術や軍事技術はこうして漁られている (草思社文庫),31,0,5.0,"
デイブ エンサー 
(著),  
",https://www.amazon.co.jp/-/en/William-C-Hannas/dp/4794224761,436 pages
やり直しのための信号数学―DFT、FFT、DCTの基礎と信号処理応用 (ディジタル信号処理シリーズ),16,5296,4.1,"
西沢 直木 
(著) 
",https://www.amazon.co.jp/-/en/%E4%B8%89%E8%B0%B7-%E6%94%BF%E6%98%AD/dp/478983087X,431 pages
Access入門 基礎 テーブル、クエリ、フォーム、レポート、マクロ編: アクセス練習,5,0,4.7,"
Jimmy Lin 
(著),  
",https://www.amazon.co.jp/-/en/%E9%96%A2-%E5%A4%AA%E4%B8%80-ebook/dp/B094BWQZ2V,234 pages
FileMaker データベース問題解決ガイド　Pro/Advanced/Server/Go (アスキー書籍),28,3465,4.0,"
柴田 英伸 
(著) 
",https://www.amazon.co.jp/-/en/%E6%9C%A8%E4%B8%8B-%E9%9B%84%E4%B8%80%E6%9C%97-ebook/dp/B00O4QJXOU,441 pages
基本がわかるSQL入門 ——データベース&設計の基礎から楽しく学ぶ,8,2728,4.8,"
日経BP社 
(著) 
",https://www.amazon.co.jp/-/en/%E8%A5%BF%E6%9D%91-%E3%82%81%E3%81%90%E3%81%BF/dp/4297116596,320 pages
スケーラブルリアルタイムデータ分析入門 ―ラムダアーキテクチャによるビッグデータ処理,4,6036,4.0,"
松信嘉範 
(著),  
",https://www.amazon.co.jp/-/en/Nathan-Marz/dp/4873117755,384 pages
IT研究者のひらめき本棚　ビブリオ・トーク：私のオススメ,8,990,4.4,"
末田 卓巳 
(著),  
",https://www.amazon.co.jp/-/en/%E6%83%85%E5%A0%B1%E5%87%A6%E7%90%86%E5%AD%A6%E4%BC%9A-%E4%BC%9A%E8%AA%8C%E7%B7%A8%E9%9B%86%E5%A7%94%E5%93%A1%E4%BC%9A-ebook/dp/B075XH6MB2,154 pages
2010/2007対応Access関数辞典 (Office2000 Dictionary Series),3,0,4.5,"
月本 洋 
(著) 
",https://www.amazon.co.jp/-/en/%E6%97%A5%E9%87%8E%E9%96%93-%E4%BD%90%E7%99%BB%E5%AD%90/dp/4798026905,489 pages
FileMaker 18 スーパーリファレンス Windows & macOS & iOS対応 (基本からしっかり学べる),49,3080,4.7,"
臼井 嘉彦 
(著),  
",https://www.amazon.co.jp/-/en/%E9%87%8E%E6%B2%A2-%E7%9B%B4%E6%A8%B9/dp/4800712416,0
初めてのアジャイル開発　～スクラム、XP、UP、Evoで学ぶ反復型開発の進め方～,12,4599,4.5,"
アシスト教育部 
(著) 
",https://www.amazon.co.jp/-/en/%E3%82%AF%E3%83%AC%E3%83%BC%E3%82%B0%E3%83%BB%E3%83%A9%E3%83%BC%E3%83%9E%E3%83%B3/dp/4822281914,423 pages
Oracleプログラミング教習所 (DB Magazine Selection),1,4810,4.0,"
Richard E.Smith 
(著),  
",https://www.amazon.co.jp/-/en/%E6%A2%85%E7%94%B0-%E5%BC%98%E4%B9%8B/dp/4798104906,512 pages
官僚と新聞・テレビが伝えないじつは完全復活している日本経済 (SB新書),87,880,4.2,"
酒井 達明 
(著),  
",https://www.amazon.co.jp/-/en/%E4%B8%8A%E5%BF%B5-%E5%8F%B8/dp/4797399236,192 pages
コンピュータに問い合せる―データベースリテラシ入門 (Computer and Web Sciences Library),1,1760,4.0,"
谷尻 かおり 
(著) 
",https://www.amazon.co.jp/-/en/%E5%A2%97%E6%B0%B8-%E8%89%AF%E6%96%87/dp/4781914357,146 pages
[改訂新版]Emacs実践入門―思考を直感的にコード化し、開発を加速する (WEB+DB PRESS plus),16,2838,5.0,"
尾谷武弘 
(著),  
",https://www.amazon.co.jp/-/en/%E5%A4%A7%E7%AB%B9-%E6%99%BA%E4%B9%9F/dp/477419235X,264 pages
Access マクロ 入門 ~仕事の現場で即使える,11,2508,4.0,"
リアーネ ビル 
(著),  
",https://www.amazon.co.jp/-/en/%E4%BB%8A%E6%9D%91-%E3%82%86%E3%81%86%E3%81%93/dp/4297101521,208 pages
古文・漢文問題データベースCD-ROM Vol.6 平成26~28年度版 (<CDーROM>),1,0,4.1,"
吉原 庄三郎 
(著) 
",https://www.amazon.co.jp/-/en/dp/4625524156,0
Accessマクロ&VBA開発工房―2007/2003/2002/2000,3,0,5.0,"
トビー・J. ティオリー 
(著),  
",https://www.amazon.co.jp/-/en/%E7%B7%92%E6%96%B9-%E5%85%B8%E5%AD%90/dp/4883377024,325 pages
PostgreSQL全機能バイブル,22,3850,4.0,"
立山 秀利 
(著) 
",https://www.amazon.co.jp/-/en/%E9%88%B4%E6%9C%A8-%E5%95%93%E4%BF%AE/dp/4774153923,528 pages
よくわかる Access 2010 応用,20,2200,4.7,"
針谷 順子 
(著),  
",https://www.amazon.co.jp/-/en/%E5%AF%8C%E5%A3%AB%E9%80%9A%E3%82%A8%E3%83%95%E3%83%BB%E3%82%AA%E3%83%BC%E3%83%BB%E3%82%A8%E3%83%A0%E6%A0%AA%E5%BC%8F%E4%BC%9A%E7%A4%BE-ebook/dp/B088NVPGKN,0
データ匿名化手法 ―ヘルスデータ事例に学ぶ個人情報保護,2,0,4.5,"
きたみあきこ 
(著),  
",https://www.amazon.co.jp/-/en/Khaled-El-Emam/dp/4873117240,272 pages
Oracle+.NETプログラミング・バイブル―ODP.NETによる強力開発環境,4,6710,5.0,"
金宏 和實 
(著) 
",https://www.amazon.co.jp/-/en/%E6%97%A5%E6%9C%AC%E3%82%AA%E3%83%A9%E3%82%AF%E3%83%AB/dp/4816339876,277 pages
Access VBAプログラミング開発工房 入門・基礎編,8,0,4.3,"
日花 弘子 
(著),  
",https://www.amazon.co.jp/-/en/%E7%B7%92%E6%96%B9-%E5%85%B8%E5%AD%90/dp/4883376621,251 pages
Oracle WebLogic Server 11g構築・運用ガイド,2,0,4.0,"
C.J. デイト 
(著),  
",https://www.amazon.co.jp/-/en/%E4%BC%8A%E8%97%A4%E5%BF%A0%E3%83%86%E3%82%AF%E3%83%8E%E3%82%BD%E3%83%AA%E3%83%A5%E3%83%BC%E3%82%B7%E3%83%A7%E3%83%B3%E3%82%BA%E6%A0%AA%E5%BC%8F%E4%BC%9A%E7%A4%BE/dp/4798122416,0
Accessで覚える! SQLサンプル活用辞典 2007/2003/2002/2000/97対応,6,0,4.2,"
黒木先生 
(著) 
",https://www.amazon.co.jp/-/en/%E6%9D%BE%E5%8E%9F-%E6%BE%AA/dp/4881666517,280 pages
データベースおもしろ講座,4,4572,4.2,"
青木 浩朗 
(著) 
",https://www.amazon.co.jp/-/en/%E9%A3%AF%E6%B2%A2-%E7%AF%A4%E5%BF%97/dp/4320026403,260 pages
自分で出版する本　第二版: 読書からKindle本出版まで,1,0,5.0,"
ナカノヒトシ 
(著) 
",https://www.amazon.co.jp/-/en/%E7%B1%B3%E5%B1%B1-%E5%84%AA-ebook/dp/B0BZM51TTK,0
【iOS】SwiftUI / Core Data(データベース) 超入門 - Core Dataを基礎から学んでデータの追加、削除をやってみよう SwiftUI超入門,3,0,5.0,"
鶴原翔夢 
(著),  
",https://www.amazon.co.jp/-/en/Yoshiki-Mogi-ebook/dp/B09W2M679P,160 pages
Ｑ＆Ａでわかる医療ビッグデータの法律と実務 (～次世代医療基盤法・匿名加工医療情報の活用～),12,0,4.5,"
鈴木 啓修 
(著) 
",https://www.amazon.co.jp/-/en/%E6%B0%B4%E7%94%BA-%E9%9B%85%E5%AD%90/dp/4539727109,296 pages
Access VBA応用プログラミング―Access2000徹底入門,14,0,4.3,"
ピーコックアンダーソン 
(著) 
",https://www.amazon.co.jp/-/en/%E8%B0%B7%E5%B0%BB-%E3%81%8B%E3%81%8A%E3%82%8A/dp/4774109258,551 pages
バッドデータハンドブック ―データにまつわる問題への19の処方箋,9,0,5.0,"
富田 宏昭 
(著) 
",https://www.amazon.co.jp/-/en/Q-Ethan-McCallum/dp/4873116406,310 pages
フルスタックJavaScriptとPython機械学習ライブラリで実践するソーシャルビッグデータ- 基本概念・技術から収集・分析・可視化まで -,1,3520,4.3,"
林 優子 
(著) 
",https://www.amazon.co.jp/-/en/%E7%9F%B3%E5%B7%9D-%E5%8D%9A/dp/4339028894,183 pages
HBase徹底入門 Hadoopクラスタによる高速データベースの実現,5,4378,5.0,"
片方 善治 ",https://www.amazon.co.jp/-/en/%E6%A0%AA%E5%BC%8F%E4%BC%9A%E7%A4%BE%E3%82%B5%E3%82%A4%E3%83%90%E3%83%BC%E3%82%A8%E3%83%BC%E3%82%B8%E3%82%A7%E3%83%B3%E3%83%88-%E9%88%B4%E6%9C%A8-%E4%BF%8A%E8%A3%95/dp/4798138827,520 pages
改訂新版 Elixir/Phoenix 初級②: データベースとクエリ構造体 (OIAX Books),2,0,4.3,"
松本 美穂 
(著),  
",https://www.amazon.co.jp/-/en/%E9%BB%92%E7%94%B0-%E5%8A%AA-ebook/dp/B094F444RV,363 pages
プログラマのための文字コード技術入門 (WEB+DB PRESS plus) (WEB+DB PRESS plusシリーズ),21,3980,4.4,"
岩間 一雄 
(著) 
",https://www.amazon.co.jp/-/en/%E7%9F%A2%E9%87%8E-%E5%95%93%E4%BB%8B/dp/477414164X,400 pages
データベース (IT Text),13,2750,4.0,"
三原 幸一 
(著) 
",https://www.amazon.co.jp/-/en/%E9%80%9F%E6%B0%B4-%E6%B2%BB%E5%A4%AB/dp/4274132544,186 pages
わたしとぼくのPL/pgSQL,10,1980,4.3,"
ハリー フォックスウェル 
(著),  
",https://www.amazon.co.jp/-/en/%E7%9B%AE%E9%BB%92-%E8%81%96/dp/484439827X,64 pages
ガベージコレクション 自動的メモリ管理を構成する理論と実装,8,4620,4.4,"
富士通オフィス機器 
(著) 
",https://www.amazon.co.jp/-/en/Richard-Jones/dp/4798134201,0
ウイニングステップ 小学6年 算数1 数と計算 (ウイニングステップシリーズ),4,880,5.0,"
クリスフォレスト 
(著) 
",https://www.amazon.co.jp/-/en/%E6%97%A5%E8%83%BD%E7%A0%94%E6%95%99%E5%8B%99%E9%83%A8/dp/4895248690,0
基礎からのMySQL 改訂版 (基礎からシリーズ),28,0,4.0,"
日野間 佐登子 
(著) 
",https://www.amazon.co.jp/-/en/%E8%A5%BF%E6%B2%A2-%E5%A4%A2%E8%B7%AF/dp/4797369450,536 pages
GDBハンドブック,5,0,4.5,"
アシストコンサルティング事業部 
(著) 
",https://www.amazon.co.jp/-/en/Arnold-Robbins/dp/487311246X,0
Oracle逆引き大全606の極意DB管理編 (606Tips to Use Oracle Better!),8,5709,4.2,"
樋口 剛 
(著),  
",https://www.amazon.co.jp/-/en/%E3%83%96%E3%83%AA%E3%83%AA%E3%82%A2%E3%83%B3%E3%83%88%E3%82%B9%E3%82%BF%E3%83%83%E3%83%95/dp/4798019690,487 pages
データベース徹底攻略 (WEB+DB PRESS plus),5,0,5.0,"
ユニゾン 
(著) 
",https://www.amazon.co.jp/-/en/%E6%9D%BE%E4%BF%A1%E5%98%89%E7%AF%84/dp/4774163651,0
カード型データベース TCARD入門: 誰でも簡単に使えるWindows用データベース (ディクレブックス),4,99,4.5,"
打川 和男 
(著),  
",https://www.amazon.co.jp/-/en/%E5%8F%A4%E5%8E%9F%E4%BC%B8%E4%BB%8B-ebook/dp/B07GVPTM3P,92 pages
WEB+DB PRESS Vol.104,4,0,4.6,"
ジェレミ・D. ザウドニ 
(著),  
",https://www.amazon.co.jp/-/en/%E6%9C%AB%E7%94%B0-%E5%8D%93%E5%B7%B3/dp/4774196886,0
実践データマイニング―金融・競馬予測の科学,2,0,4.0,"
谷尻 かおり 
(著) 
",https://www.amazon.co.jp/-/en/%E6%9C%88%E6%9C%AC-%E6%B4%8B/dp/4274078922,240 pages
医療関係者のためのAccess活用マニュアル―診療データベース作成ガイド,4,0,4.0,"
Eben Hewitt 
(著),  
",https://www.amazon.co.jp/-/en/%E8%87%BC%E4%BA%95-%E5%98%89%E5%BD%A6/dp/452424056X,108 pages
プロとしてのOracle PL/SQL入門 改訂版 (Oracle現場主義),13,0,4.6,"
Kalen Delaney、Sunil Agarwal、Craig Freedman、Adam Machanic、Ron Talmage 
(著),  
",https://www.amazon.co.jp/-/en/%E3%82%A2%E3%82%B7%E3%82%B9%E3%83%88%E6%95%99%E8%82%B2%E9%83%A8/dp/4797359242,368 pages
認証技術 パスワードから公開鍵まで,5,5060,4.4,"
DeNA 
(著) 
",https://www.amazon.co.jp/-/en/Richard-Smith/dp/4274065162,512 pages
.NET開発テクノロジ入門 2014年版 VisualStudio2013対応版 (MSDNプログラミングシリーズ),3,4180,4.2,"
日能研教務部 
(編集) 
",https://www.amazon.co.jp/-/en/%E9%85%92%E4%BA%95-%E9%81%94%E6%98%8E/dp/4822298361,0
プロとしてのOracleアーキテクチャ入門 Oracle現場主義,3,3980,4.0,"
石田 豊 
(著) 
",https://www.amazon.co.jp/-/en/%E6%B8%A1%E9%83%A8-%E4%BA%AE%E5%A4%AA/dp/4797349808,400 pages
VisualBasic2010逆引き大全至高の技データベース+印刷/帳票編,8,0,4.0,"
Geoff Coffey 
(著),  
",https://www.amazon.co.jp/-/en/%E5%A2%97%E7%94%B0-%E6%99%BA%E6%98%8E/dp/4798030945,790 pages
AccessVBA初級プログラミング―Access2000徹底入門,3,0,4.3,"
マルコ カントゥ 
(著),  
",https://www.amazon.co.jp/-/en/%E8%B0%B7%E5%B0%BB-%E3%81%8B%E3%81%8A%E3%82%8A/dp/477410924X,367 pages
Windows Server 2012&クラウドで実現する耐障害性対策・BCP対策,1,3520,4.4,"
Andrew Cumming 
(著),  
",https://www.amazon.co.jp/-/en/%E5%B0%BE%E8%B0%B7%E6%AD%A6%E5%BC%98/dp/4048918850,328 pages
S.A.P. R/3システム管理ガイド,8,0,4.0,"
鈴木 昭男 
(著) 
",https://www.amazon.co.jp/-/en/%E3%83%AA%E3%82%A2%E3%83%BC%E3%83%8D-%E3%83%93%E3%83%AB/dp/4822258181,578 pages
はじめての設計をやり抜くための本 概念モデリングからアプリケーション、データベース、アーキテクチャの設計まで (エンジニア道場),25,4699,4.3,"
五十嵐 建平 
(著),  
",https://www.amazon.co.jp/-/en/%E5%90%89%E5%8E%9F-%E5%BA%84%E4%B8%89%E9%83%8E/dp/4798117064,330 pages
Oracleシステム設計,1,0,4.6,"
牧村 あきこ 
(著) 
",https://www.amazon.co.jp/-/en/%E3%83%87%E3%82%A4%E3%83%96-%E3%82%A8%E3%83%B3%E3%82%B5%E3%83%BC/dp/490090046X,548 pages
Apache Strutsハンドブック 改訂版 (Technical Handbook Series),6,0,5.0,"
ジョー セルコ 
(著),  
",https://www.amazon.co.jp/-/en/%E9%BB%92%E4%BD%8F-%E5%B9%B8%E5%85%89/dp/4797335491,544 pages
IDEF 1X,5,0,5.0,"
株式会社クロノス 三浦 辰也 
(著),  
",https://www.amazon.co.jp/-/en/%E6%9D%BE%E6%9C%AC-%E8%81%A1/dp/482229028X,302 pages
SQL逆引きレシピ (PROGRAMMER’S RECiPE),5,2420,5.0,"
北山 忍 
(著),  
",https://www.amazon.co.jp/-/en/%E8%A5%BF%E6%B2%A2-%E7%9B%B4%E6%9C%A8/dp/479811779X,384 pages
Hadoop MapReduce デザインパターン ―MapReduceによる大規模テキストデータ処理,5,0,4.7,"
デール ドゥーラティ 
(著),  
",https://www.amazon.co.jp/-/en/Jimmy-Lin/dp/4873115124,210 pages
Z式マスターAccess 2002 Office xp版―しっかりわかる、すぐ使える! Windows xp (アスキームック),2,0,5.0,"
小山 香織 
(著) 
",https://www.amazon.co.jp/-/en/%E6%9F%B4%E7%94%B0-%E8%8B%B1%E4%BC%B8/dp/4756140556,239 pages
Access 2016 基礎 セミナーテキスト,6,2200,4.0,"
高木 利久 
(編集),  
",https://www.amazon.co.jp/-/en/%E6%97%A5%E7%B5%8CBP%E7%A4%BE/dp/4822297888,0
Oracle逆引き大全606の極意DB管理編 (606Tips to Use Oracle Better!),8,5709,4.3,"
野澤 直樹 
(著),  
",https://www.amazon.co.jp/-/en/%E3%83%96%E3%83%AA%E3%83%AA%E3%82%A2%E3%83%B3%E3%83%88%E3%82%B9%E3%82%BF%E3%83%83%E3%83%95/dp/4798019690,487 pages
データベース徹底攻略 (WEB+DB PRESS plus),5,0,4.0,"
堀江 美彦 
(著) 
",https://www.amazon.co.jp/-/en/%E6%9D%BE%E4%BF%A1%E5%98%89%E7%AF%84/dp/4774163651,0
カード型データベース TCARD入門: 誰でも簡単に使えるWindows用データベース (ディクレブックス),4,99,4.1,"
Jeroen Janssens 
(著),  
",https://www.amazon.co.jp/-/en/%E5%8F%A4%E5%8E%9F%E4%BC%B8%E4%BB%8B-ebook/dp/B07GVPTM3P,0
WEB+DB PRESS Vol.104,4,0,5.0,"
木村 博文 
(著),  
",https://www.amazon.co.jp/-/en/%E6%9C%AB%E7%94%B0-%E5%8D%93%E5%B7%B3/dp/4774196886,160 pages
実践データマイニング―金融・競馬予測の科学,2,0,4.3,"
W. キルステン 
(著),  
",https://www.amazon.co.jp/-/en/%E6%9C%88%E6%9C%AC-%E6%B4%8B/dp/4274078922,0
医療関係者のためのAccess活用マニュアル―診療データベース作成ガイド,4,0,4.5,"
江尻 弘 
(著) 
",https://www.amazon.co.jp/-/en/%E8%87%BC%E4%BA%95-%E5%98%89%E5%BD%A6/dp/452424056X,0
プロとしてのOracle PL/SQL入門 改訂版 (Oracle現場主義),13,0,5.0,"
技術評論社編集部 
(編集) 
",https://www.amazon.co.jp/-/en/%E3%82%A2%E3%82%B7%E3%82%B9%E3%83%88%E6%95%99%E8%82%B2%E9%83%A8/dp/4797359242,368 pages
認証技術 パスワードから公開鍵まで,5,5060,4.0,"
46382597 
(著) 
",https://www.amazon.co.jp/-/en/Richard-Smith/dp/4274065162,512 pages
.NET開発テクノロジ入門 2014年版 VisualStudio2013対応版 (MSDNプログラミングシリーズ),3,4180,5.0,"
松田 明 
(著),  
",https://www.amazon.co.jp/-/en/%E9%85%92%E4%BA%95-%E9%81%94%E6%98%8E/dp/4822298361,368 pages
プロとしてのOracleアーキテクチャ入門 Oracle現場主義,3,3980,4.1,"
有限会社 ミューテック 
(著) 
",https://www.amazon.co.jp/-/en/%E6%B8%A1%E9%83%A8-%E4%BA%AE%E5%A4%AA/dp/4797349808,400 pages
VisualBasic2010逆引き大全至高の技データベース+印刷/帳票編,8,0,5.0,"
西村 めぐみ 
(著) 
",https://www.amazon.co.jp/-/en/%E5%A2%97%E7%94%B0-%E6%99%BA%E6%98%8E/dp/4798030945,0
AccessVBA初級プログラミング―Access2000徹底入門,3,0,5.0,"
谷尻 かおり 
(著) 
",https://www.amazon.co.jp/-/en/%E8%B0%B7%E5%B0%BB-%E3%81%8B%E3%81%8A%E3%82%8A/dp/477410924X,0
Windows Server 2012&クラウドで実現する耐障害性対策・BCP対策,1,3520,4.5,"
DBプログラミング研究会 
(著) 
",https://www.amazon.co.jp/-/en/%E5%B0%BE%E8%B0%B7%E6%AD%A6%E5%BC%98/dp/4048918850,328 pages
S.A.P. R/3システム管理ガイド,8,0,4.2,"
富士通エフ・オー・エム株式会社 
(著) 
",https://www.amazon.co.jp/-/en/%E3%83%AA%E3%82%A2%E3%83%BC%E3%83%8D-%E3%83%93%E3%83%AB/dp/4822258181,578 pages
はじめての設計をやり抜くための本 概念モデリングからアプリケーション、データベース、アーキテクチャの設計まで (エンジニア道場),25,4699,4.0,"
太田 一郎 
(著),  
",https://www.amazon.co.jp/-/en/%E5%90%89%E5%8E%9F-%E5%BA%84%E4%B8%89%E9%83%8E/dp/4798117064,330 pages
Oracleシステム設計,1,0,4.2,"
国分浩二 
(著) 
",https://www.amazon.co.jp/-/en/%E3%83%87%E3%82%A4%E3%83%96-%E3%82%A8%E3%83%B3%E3%82%B5%E3%83%BC/dp/490090046X,548 pages
データベースの設計,1,9253,4.4,"
ザビエル パチェコ 
(著),  
",https://www.amazon.co.jp/-/en/%E3%83%88%E3%83%93%E3%83%BC%E3%83%BBJ-%E3%83%86%E3%82%A3%E3%82%AA%E3%83%AA%E3%83%BC/dp/4326000252,0
Oracle E‐Business Suite入門 運用管理編,3,0,4.0,"
鈴木 昭男 
(著) 
",https://www.amazon.co.jp/-/en/%E6%97%A5%E6%9C%AC%E3%82%AA%E3%83%A9%E3%82%AF%E3%83%AB/dp/4883731766,343 pages
高速文字列解析の世界――データ圧縮・全文検索・テキストマイニング (確率と情報の科学),7,3300,4.6,"
鹿島 和郎 
(著),  
",https://www.amazon.co.jp/-/en/%E5%B2%A1%E9%87%8E%E5%8E%9F-%E5%A4%A7%E8%BC%94/dp/4000069748,176 pages
ExcelVBAでAccessを操作するツボとコツがゼッタイにわかる本,9,3861,5.0,"
谷尻 かおり 
(著) 
",https://www.amazon.co.jp/-/en/%E7%AB%8B%E5%B1%B1-%E7%A7%80%E5%88%A9/dp/4798044903,0
SQLプログラミング入門―12のレッスンで学ぶリレーショナルデータベース実践講座,7,0,4.0,"
朝井 淳 
(著) 
",https://www.amazon.co.jp/-/en/%E3%83%A9%E3%82%A4%E3%82%A2%E3%83%B3%E3%83%BBK-%E3%82%B9%E3%83%86%E3%82%A3%E3%83%BC%E3%83%96%E3%83%B3%E3%82%B9/dp/4797305878,360 pages
"Meal Prep, Coordinating Staple Food, Main Choy Sides for Cooking Ingredients Chart 4 ND Edition",4,2420,4.1,"
日野間 佐登子 
(著) 
",https://www.amazon.co.jp/-/en/Coordinating-Staple-Sides-Cooking-Ingredients/dp/4906182879,0
できる大事典 Access 2007 Windows Vista対応 (できる大事典シリーズ),6,6218,5.0,"
内村 友亮 
(著),  
",https://www.amazon.co.jp/-/en/%E3%81%8D%E3%81%9F%E3%81%BF%E3%81%82%E3%81%8D%E3%81%93/dp/4844326678,896 pages
ベテランが丁寧に教えてくれる データベースの知識と実務 (IT ENGINEER’S Basic),1,2420,4.3,"
ラルフ キンボール 
(著),  
",https://www.amazon.co.jp/-/en/%E9%87%91%E5%AE%8F-%E5%92%8C%E5%AF%A6/dp/4798114162,264 pages
［改訂新版］ シェルスクリプト基本リファレンス　　－－#!/bin/shで、ここまでできる (WEB+DB PRESS plus),18,0,4.6,"
山田 健一 
(著) 
",https://www.amazon.co.jp/-/en/%E5%B1%B1%E6%A3%AE-%E4%B8%88%E7%AF%84/dp/4774146439,336 pages
会社でExcelを使うということ。 -会社特有の表の仕組みがわかれば業務が見えてくる-,14,1540,5.0,"
松本 美穂 
(著),  
",https://www.amazon.co.jp/-/en/%E6%97%A5%E8%8A%B1-%E5%BC%98%E5%AD%90/dp/4797390549,256 pages
標準SQL―JIS/ANSI/ISO準拠 (アジソン ウェスレイ・トッパン情報科学シリーズ),2,0,5.0,"
酒井 麻衣子 
(著) 
",https://www.amazon.co.jp/-/en/C-J-%E3%83%87%E3%82%A4%E3%83%88/dp/4810180190,0
サラリーマンのためのPythonプログラミング教室②　データベース操作編,9,0,4.1,"
高橋 良明 
(著) 
",https://www.amazon.co.jp/-/en/%E9%BB%92%E6%9C%A8%E5%85%88%E7%94%9F-ebook/dp/B07DNVPLNP,55 pages
ファイルメーカー Web パブリッシング FileMaker API for PHP コンプリートガイド,4,6600,4.0,"
クリスフォレスト 
(著) 
",https://www.amazon.co.jp/-/en/Stephen-Knight/dp/4756151213,320 pages
Oracleバックアップ・リカバリ実践テクニック,4,4832,4.0,"
星野 努 
(著) 
",https://www.amazon.co.jp/-/en/%E9%9D%92%E6%9C%A8-%E6%B5%A9%E6%9C%97/dp/4883732479,0
JavaScriptでのWeb開発 ~ Node.js + Express + MongoDB + ReactでWebアプリを開発しよう ~ その２（iOS対応版）,1,0,4.0,"
ロブ マクドナルド 
(著),  
",https://www.amazon.co.jp/-/en/%E3%83%8A%E3%82%AB%E3%83%8E%E3%83%92%E3%83%88%E3%82%B7-ebook/dp/B07F3XT7DB,236 pages
Webサービス開発徹底攻略 Vol.2 (WEB+DB PRESS plus),3,3360,5.0,"
辛島信芳 
(著) 
",https://www.amazon.co.jp/-/en/%E9%B6%B4%E5%8E%9F%E7%BF%94%E5%A4%A2/dp/4774179523,192 pages
MySQL全機能バイブル ~現場で役立つAtoZ~,8,4747,4.0,"
羽石 相 
(著) 
",https://www.amazon.co.jp/-/en/%E9%88%B4%E6%9C%A8-%E5%95%93%E4%BF%AE/dp/4774139750,576 pages
SQLServerのインデックスを理解して検索を高速にする方法,15,0,5.0,"
プロジェクトA 
(著) 
",https://www.amazon.co.jp/-/en/%E3%83%94%E3%83%BC%E3%82%B3%E3%83%83%E3%82%AF%E3%82%A2%E3%83%B3%E3%83%80%E3%83%BC%E3%82%BD%E3%83%B3-ebook/dp/B08F462KJQ,124 pages
今日から使えるFileMaker Pro14 Windows&Mac対応,3,0,5.0,"
木下 雄一朗 
(著) 
",https://www.amazon.co.jp/-/en/%E5%AF%8C%E7%94%B0-%E5%AE%8F%E6%98%AD/dp/480261005X,384 pages
独習Oracle PL/SQL,9,0,4.0,"
LarryP. English 
(著),  
",https://www.amazon.co.jp/-/en/%E6%9E%97-%E5%84%AA%E5%AD%90/dp/4798116165,416 pages
ITセキュリティソリューション大系 (上巻),1,0,4.0,"
土田 昭司 
(著) 
",https://www.amazon.co.jp/-/en/%E7%89%87%E6%96%B9-%E5%96%84%E6%B2%BB/dp/493855593X,1129 pages
SQL Server 2012の教科書 開発編,8,1980,4.0,"
植田 政美 
(著),  
",https://www.amazon.co.jp/-/en/%E6%9D%BE%E6%9C%AC-%E7%BE%8E%E7%A9%82/dp/4883378403,0
京都のアルゴリズム,3,2299,4.0,"
ピーター グレイ 
(著),  
",https://www.amazon.co.jp/-/en/%E5%B2%A9%E9%96%93-%E4%B8%80%E9%9B%84-ebook/dp/B075XG1GSY,224 pages
Z式マスター Access VBA Windows版 (アスキームック),2,0,5.0,"
梅田 弘之 
(著) 
",https://www.amazon.co.jp/-/en/%E8%91%9B%E8%A5%BF-%E7%A7%8B%E9%9B%84/dp/4756146406,191 pages
VisualC#2008逆引き大全至高の技データベース+印刷/帳票編,3,0,4.0,"
ジェミー ジョウォルスキー 
(著),  
",https://www.amazon.co.jp/-/en/%E5%A2%97%E7%94%B0-%E6%99%BA%E6%98%8E/dp/4798024961,654 pages
DELPHIデータベースアプリケーション開発ガイド,2,0,4.6,"
谷尻 かおり 
(著) 
",https://www.amazon.co.jp/-/en/%E4%B8%89%E5%8E%9F-%E5%B9%B8%E4%B8%80/dp/4798000108,271 pages
Oracle Solaris 11システム管理ハンドブック,4,0,5.0,"
情報処理推進機構 
(著) 
",https://www.amazon.co.jp/-/en/%E3%83%8F%E3%83%AA%E3%83%BC-%E3%83%95%E3%82%A9%E3%83%83%E3%82%AF%E3%82%B9%E3%82%A6%E3%82%A7%E3%83%AB/dp/4877834230,338 pages
Microsoft Office Accessビジネス活用編 (よくわかるトレーニングテキスト),3,5745,5.0,"
糸魚川 茂夫 
(著) 
",https://www.amazon.co.jp/-/en/%E5%AF%8C%E5%A3%AB%E9%80%9A%E3%82%AA%E3%83%95%E3%82%A3%E3%82%B9%E6%A9%9F%E5%99%A8/dp/4893115243,261 pages
Splunk CloudでSecurity/IT監視基盤を「構築」しよう: WordPress + Apache HTTP + MySQL on Linux編,1,0,4.1,"
IPイノベーションズ 
(著) 
",https://www.amazon.co.jp/-/en/%E3%82%AF%E3%83%AA%E3%82%B9%E3%83%95%E3%82%A9%E3%83%AC%E3%82%B9%E3%83%88-ebook/dp/B09T735Z2J,0
Accessクエリ逆引き大全500の極意,5,0,4.0,"
上ヶ迫 勝憲 
(著) 
",https://www.amazon.co.jp/-/en/%E6%97%A5%E9%87%8E%E9%96%93-%E4%BD%90%E7%99%BB%E5%AD%90/dp/4798020443,598 pages
ビジネス環境の変化に強いデータベース設計―仕様変更なんて恐くない!,3,0,4.4,"
西沢 直木 
(著) 
",https://www.amazon.co.jp/-/en/%E3%82%A2%E3%82%B7%E3%82%B9%E3%83%88%E3%82%B3%E3%83%B3%E3%82%B5%E3%83%AB%E3%83%86%E3%82%A3%E3%83%B3%E3%82%B0%E4%BA%8B%E6%A5%AD%E9%83%A8/dp/4883374424,325 pages
WEB+DB PRESS Vol.112,18,0,4.2,"
永村 弘道 
(著),  
",https://www.amazon.co.jp/-/en/%E6%A8%8B%E5%8F%A3-%E5%89%9B/dp/4297107872,0
SQL Server逆引き大全450の極意DB管理編 (450Tips To Use SQL Server Better!),5,4980,5.0,"
野沢 直樹 
(著) 
",https://www.amazon.co.jp/-/en/%E9%95%B7%E5%B2%A1-%E7%A7%80%E6%98%8E/dp/4798022187,465 pages
図解雑学 コンピュータウイルス (図解雑学シリーズ),2,0,4.6,"
ジョン・J. パトリック 
(著),  
",https://www.amazon.co.jp/-/en/%E3%83%A6%E3%83%8B%E3%82%BE%E3%83%B3/dp/4816333584,247 pages
市場の失敗事例で学ぶ情報セキュリティポリシーの実践的構築手法,2,0,4.3,"
佐々木 隆仁 
(著),  
",https://www.amazon.co.jp/-/en/%E6%89%93%E5%B7%9D-%E5%92%8C%E7%94%B7/dp/4274946746,174 pages
実践ハイパフォーマンスMySQL,4,5935,4.1,"
David B. Mattingly (デヴィッド B. マッティングリー) 
(著),  
",https://www.amazon.co.jp/-/en/%E3%82%B8%E3%82%A7%E3%83%AC%E3%83%9F%E3%83%BBD-%E3%82%B6%E3%82%A6%E3%83%89%E3%83%8B/dp/4873112095,285 pages
Access2000徹底入門 クエリ編,1,0,4.4,"
Baron Schwartz 
(著),  
",https://www.amazon.co.jp/-/en/%E8%B0%B7%E5%B0%BB-%E3%81%8B%E3%81%8A%E3%82%8A/dp/4774108685,0
QlikViewメモ帳 負荷を減らすSET分析編,2,0,4.3,"
金城 俊哉 
(著) 
",https://www.amazon.co.jp/-/en/%E5%9B%BD%E5%88%86%E6%B5%A9%E4%BA%8C-ebook/dp/B01IMU5U90,54 pages
Cassandra,1,0,4.0,"
井上 賢一郎 
(著) 
",https://www.amazon.co.jp/-/en/Eben-Hewitt/dp/4873115299,368 pages
インサイドMS SQL SERVER 2005クエリチューニング&最適化編 (マイクロソフト公式解説書),2,0,4.0,"
DXおじさん 
(著) 
",https://www.amazon.co.jp/-/en/Delaney%E3%80%81Sunil-Agarwal%E3%80%81Craig-Freedman%E3%80%81Adam-Machanic%E3%80%81Ron-Talmage/dp/4891005904,496 pages
Mobageを支える技術 ~ソーシャルゲームの舞台裏~ (WEB+DB PRESS plus),4,2413,5.0,"
Kevin Loney 
(著),  
",https://www.amazon.co.jp/-/en/DeNA/dp/4774151114,384 pages
ウイニングステップ 小学4年 社会 改訂新版 (ウイニングステップシリーズ),12,0,4.8,"
船津 公人 
(著),  
",https://www.amazon.co.jp/-/en/%E6%97%A5%E8%83%BD%E7%A0%94%E6%95%99%E5%8B%99%E9%83%A8/dp/4840305218,108 pages
MySQL入門以前,31,0,5.0,"
加藤 祥平 
(著),  
",https://www.amazon.co.jp/-/en/%E7%9F%B3%E7%94%B0-%E8%B1%8A/dp/4839916578,382 pages
スパムメールの教科書,3,4620,5.0,"
米山　優 
(著) 
",https://www.amazon.co.jp/-/en/%E6%B8%A1%E9%83%A8-%E7%B6%BE%E5%A4%AA/dp/4887188838,460 pages
FileMaker Pro大全,12,4768,4.0,"
ドナルド・キース バールソン 
(著),  
",https://www.amazon.co.jp/-/en/Geoff-Coffey/dp/4899771568,0
Windows Server 2016 パーフェクトマスター (Perfect Master),14,0,5.0,"
佐藤 真人 
(著),  
",https://www.amazon.co.jp/-/en/%E9%87%8E%E7%94%B0%E3%83%A6%E3%82%A6%E3%82%AD-%E3%82%A2%E3%83%B3%E3%82%AB%E3%83%BC%E3%83%BB%E3%83%97%E3%83%AD/dp/479804928X,600 pages
VisualBasic.NET至高の技データベース+印刷/帳票編,7,5133,5.0,"
鈴木 啓修 
(著) 
",https://www.amazon.co.jp/-/en/%E5%A2%97%E7%94%B0-%E6%99%BA%E6%98%8E/dp/4798011126,531 pages
OBJECT PASCAL HANDBOOK―マルチデバイス開発ツールDelphiのためのプログラミング言語完全ガイド,24,6600,4.1,"
佐久嶋 ひろみ 
(著),  
",https://www.amazon.co.jp/-/en/%E3%83%9E%E3%83%AB%E3%82%B3-%E3%82%AB%E3%83%B3%E3%83%88%E3%82%A5/dp/487783401X,572 pages
独習 Access VBA,9,0,4.0,"
谷尻 かおり 
(著) 
",https://www.amazon.co.jp/-/en/%E5%A4%A7%E6%9D%91-%E3%81%82%E3%81%A4%E3%81%97/dp/4798103810,0
SQL Hacks ―データベースを自由自在に操るテクニック,7,5699,4.1,"
佐藤 親一 
(著) 
",https://www.amazon.co.jp/-/en/Andrew-Cumming/dp/4873113318,440 pages
Access 2000で学ぶリレーショナル・データベース,1,0,4.0,"
島田 裕二 
(著) 
",https://www.amazon.co.jp/-/en/%E9%88%B4%E6%9C%A8-%E6%98%AD%E7%94%B7/dp/4883731286,0
門外不出のOracle現場ワザ (DB Magazine SELECTION),2,4736,4.2,"
山形 庫之助 
(著) 
",https://www.amazon.co.jp/-/en/%E4%BA%94%E5%8D%81%E5%B5%90-%E5%BB%BA%E5%B9%B3/dp/4798109290,294 pages
改訂3版 Access はじめてのデータベース,8,2178,4.5,"
一志 達也 
(著) 
",https://www.amazon.co.jp/-/en/%E7%89%A7%E6%9D%91-%E3%81%82%E3%81%8D%E3%81%93/dp/4774140929,288 pages
プログラマのためのSQL 第2版,5,5162,4.0,"
原田 騎郎 
(著),  
",https://www.amazon.co.jp/-/en/%E3%82%B8%E3%83%A7%E3%83%BC-%E3%82%BB%E3%83%AB%E3%82%B3/dp/4894714809,522 pages
即戦力が身につく SQLトレーニング,2,0,5.0,"
実教出版編修部 
(編集) 
",https://www.amazon.co.jp/-/en/%E6%A0%AA%E5%BC%8F%E4%BC%9A%E7%A4%BE%E3%82%AF%E3%83%AD%E3%83%8E%E3%82%B9-%E4%B8%89%E6%B5%A6-%E8%BE%B0%E4%B9%9F/dp/4797345667,336 pages
プロテクトの外し方入門―プロテクトキラーが明かす極秘テクニック,1,0,4.1,"
河上 聡 
(著) 
",https://www.amazon.co.jp/-/en/%E5%8C%97%E5%B1%B1-%E5%BF%8D/dp/4537014237,0
sed & awkプログラミング (Nutshell handbooks),5,0,4.0,"
Kalen Delaney 
(著),  
",https://www.amazon.co.jp/-/en/%E3%83%87%E3%83%BC%E3%83%AB-%E3%83%89%E3%82%A5%E3%83%BC%E3%83%A9%E3%83%86%E3%82%A3/dp/4756100910,0
FileMaker Pro 13 基礎講座 for Win/Mac,1,0,4.7,"
門脇 香奈子 
(著) 
",https://www.amazon.co.jp/-/en/%E5%B0%8F%E5%B1%B1-%E9%A6%99%E7%B9%94/dp/4274069435,288 pages
ゲノムネットのデータベース利用法,1,0,4.0,"
谷尻 かおり 
(著) 
",https://www.amazon.co.jp/-/en/%E9%AB%98%E6%9C%A8-%E5%88%A9%E4%B9%85/dp/4320054415,0
SQLServer2014データベース構築・管理ガイドEnterprise対応,8,0,4.0,"
町田 欣弥 
(著),  
",https://www.amazon.co.jp/-/en/%E9%95%B7%E5%B2%A1-%E7%A7%80%E6%98%8E/dp/4798044474,0
